id,role,type,difficulty,question,ideal_answer,generated_by,timestamp,question_len_chars,answer_len_chars,question_len_words,answer_len_words,answer_sentences
software_engineer_hr_easy_0001,Software Engineer,HR,easy,"Tell me about a time you had to collaborate with someone whose working style was very different from yours. How did you approach the situation, and what was the outcome?","On a project involving a new user interface for our mobile app, I found myself working with someone who primarily utilized rapid prototyping and design mocks.  I typically follow a structured development approach with detailed documentation throughout. Initially, I had concerns about the speed of their process and felt we were not aligned on how to ensure high quality. To bridge this gap, I initiated regular progress meetings where I explained my rationale for each step in detail, while also taking time to understand their design philosophy.  This collaborative effort resulted in a more robust application that met user-centric design principles with clear, understandable documentation.",gemma2:2b,2026-05-08T12:29:22.186831,169,694,30,105,6
software_engineer_hr_easy_0002,Software Engineer,HR,easy,"Describe a time you encountered a technical challenge while working on a project. How did you approach resolving it, and who were your key collaborators (if any)?","During a recent project developing a real-time analytics dashboard, I encountered a significant challenge integrating our existing data pipeline with a new cloud-based database.  The initial integration proved complex due to conflicting data formats and incompatible schema design between the legacy system and the new platform. To resolve this, I employed an incremental approach, first migrating key data points manually before developing automated scripts for larger data transfers. This strategy allowed us to verify functionality before scaling up processing. Collaborating with our database engineer, we implemented a custom data transformation script that ensured data integrity throughout the migration process.",gemma2:2b,2026-05-08T12:29:44.967217,162,719,27,99,6
software_engineer_hr_medium_0003,Software Engineer,HR,medium,Tell me about a time you had to work with a team member whose working style clashed with yours. How did you approach the situation?,"During my previous role at [Company], I worked with a teammate who preferred highly detailed documentation and frequent project updates.  While their approach was efficient, it often slowed down the workflow for our team. To address this, I started scheduling regular sync-up calls where we'd discuss progress, identify potential roadblocks, and agree on next steps. By providing clear timelines and emphasizing the benefits of a more streamlined process, I successfully fostered better collaboration. This led to a 15% increase in overall project delivery speed without compromising quality.",gemma2:2b,2026-05-08T12:30:05.742358,131,592,25,87,6
software_engineer_hr_medium_0004,Software Engineer,HR,medium,Describe a project where you encountered conflicting priorities from different stakeholders. How did you navigate those competing interests to achieve a successful outcome for the company?,"At my last company, a major product update needed to integrate with our legacy system.  The product team envisioned an entirely new feature that significantly reduced operational costs but faced pushback from the IT and operations teams who were concerned about potential compatibility issues with the legacy system and required a hefty amount of resources for implementation. To navigate this, I took the lead in facilitating cross-functional workshops with each team to ensure they fully understood each other's goals and challenges.  This collaborative approach resulted in a compromise where we implemented a phased rollout with minimal legacy system modifications. The new features launched successfully, reduced operational costs, and minimized disruption to our existing operations.",gemma2:2b,2026-05-08T12:30:29.959831,188,789,26,114,6
software_engineer_hr_hard_0005,Software Engineer,HR,hard,"You've been working on a challenging project with tight deadlines.  A teammate has recently made a design decision you feel is fundamentally flawed due to potential long-term consequences. How do you handle this situation, considering the team dynamics and your own professional goals?","I'd first proactively understand the rationale behind the design decision. By directly engaging with my teammate to understand their reasoning, I aim to gain clarity on potential trade-offs and their long-term impact. If necessary, I’d present a well-reasoned argument based on my experience and analysis.  For instance, if I identify a performance bottleneck, I'd suggest implementing a phased approach while maintaining clear communication with the team. The goal is to ensure everyone stays informed, ultimately leading to a positive outcome for both project success and individual growth through collaboration.",gemma2:2b,2026-05-08T12:30:54.766870,285,614,43,89,6
software_engineer_hr_hard_0006,Software Engineer,HR,hard,"Tell me about a time you had to advocate for technical changes in a project even when the stakeholders were resistant.  How did you navigate that challenge, and what was the outcome?","During a major redesign of our online payment platform, stakeholders pushed for implementing a more conventional API solution instead of exploring a cutting-edge microservices architecture.  Their primary concern was increased development complexity and potential delays in implementation. I understood their hesitation, but emphasized the long-term benefits of the microservices approach: improved scalability, modularity, and reduced operational costs. I leveraged data from performance simulations and presented cost estimations comparing both solutions. As a result, we secured budget approval for the microservices architecture despite initial resistance.",gemma2:2b,2026-05-08T12:31:17.271259,182,660,32,84,6
software_engineer_technical_medium_0007,Software Engineer,Technical,medium,"Explain the difference between optimistic and pessimistic locking mechanisms in databases, providing an example of when each might be appropriate.  How would you choose a mechanism for a specific application?","Optimistic locking ensures that concurrent transactions work with up-to-date data.  If a transaction detects an update by another session, it will try to complete its operation on the new data, potentially leading to some conflicts. For instance, in a financial transaction system where frequent user updates are expected, this can be beneficial for performance and responsiveness. Pessimistic locking guarantees that only one transaction at a time can access and modify a specific resource. This is ideal when data consistency and reliability are crucial, such as in bank transfers or stock trading applications. For instance, if you need to guarantee accurate record-keeping and avoid potential errors from concurrent updates on shared data tables.",gemma2:2b,2026-05-08T12:32:35.333733,208,750,30,112,7
software_engineer_technical_medium_0008,Software Engineer,Technical,medium,"Given a large-scale distributed system with multiple servers, how would you design a strategy for handling leader election to ensure fault tolerance and high availability?","In a large-scale distributed system, I would utilize a combination of consensus algorithms like Raft or Paxos for leader election. For fault tolerance, I'd implement multiple replicas and configure failover mechanisms to automatically select new leaders upon server failures. This ensures that the system remains operational even if individual servers experience issues.  To ensure high availability, I'd utilize load balancing techniques alongside redundant network infrastructure to avoid single points of failure and maintain smooth service delivery across all nodes.",gemma2:2b,2026-05-08T12:32:55.875421,171,570,25,79,5
data_scientist_hr_easy_0009,Data Scientist,HR,easy,"Tell me about a time you had to explain a complex technical concept to someone with less experience in data science. What approach did you take, and what were the results?","During my time at [Previous Company], I had to explain the concept of feature importance in a model to a marketing team lead with limited data science background.  My task was to ensure they understood how this information could be used to prioritize campaign development efforts based on predicted impact.  I started by using simple analogies, like comparing features to ingredients in a recipe, and then showed a few charts illustrating the impact of specific features on model predictions. The result was greater understanding and engagement from the marketing team who were able to leverage feature importance insights for their campaigns.",gemma2:2b,2026-05-08T12:34:06.931368,171,643,31,101,5
data_scientist_hr_easy_0010,Data Scientist,HR,easy,Can you describe a situation where you needed to collaborate effectively with colleagues from different backgrounds on a data analysis project?  How did you contribute to successful teamwork in that scenario?,"During a project to predict customer churn for a telecoms company, I collaborated with colleagues from diverse backgrounds – data engineers who handled the raw data pipeline, marketing analysts who understood user segmentation nuances, and senior management focused on financial implications.  My task was to design and implement the model using a hybrid approach (ML and statistical modeling) that could integrate their existing customer profiles.  I implemented several techniques like feature engineering, ensemble methods, and domain expertise to ensure robust model selection, and I clearly communicated model performance metrics and limitations to different teams for informed decisions.  Our combined efforts resulted in a predictive model with an accuracy rate exceeding 80% which led to increased customer retention by 15%.",gemma2:2b,2026-05-08T12:34:34.540136,208,832,31,119,5
data_scientist_hr_medium_0011,Data Scientist,HR,medium,"Tell me about a time you disagreed with a colleague on a data science project. How did you approach resolving the conflict, and what was the outcome?","During a project analyzing user churn for our mobile app, I disagreed with a colleague on the best metric to predict churn. They advocated for a simple click-through rate model, but I believed it lacked predictive power due to neglecting complex behavioral factors influencing customer decisions.  I proposed using a hierarchical clustering algorithm based on advanced demographics and usage patterns, arguing that this would provide a richer understanding of user behavior. This approach yielded a higher accuracy prediction with better insights into churn drivers. The project benefited from the additional analytical depth provided by the more robust model, ultimately leading to significant improvements in retention rates.",gemma2:2b,2026-05-08T12:34:57.874033,149,727,27,106,6
data_scientist_hr_medium_0012,Data Scientist,HR,medium,Tell me about a time you had to prioritize competing deadlines for multiple projects within your team. How did you manage your time and resources to ensure everyone's deliverables were met while maintaining high standards of quality?,"During my tenure at [Company Name], we were tasked with developing a new customer segmentation model and an advanced recommendation engine simultaneously. These projects had overlapping deadlines, creating a pressure cooker environment.  My task was to prioritize and schedule work based on urgency and project dependencies. I implemented Kanban boards to visualize workflow and allocated individual tasks based on expertise and personal workloads.  The result? We delivered both projects on time and within budget, achieving over 15% improvement in customer engagement metrics for the recommendation engine.",gemma2:2b,2026-05-08T12:35:21.361513,233,608,37,86,7
data_scientist_hr_hard_0013,Data Scientist,HR,hard,Describe a time you had to prioritize conflicting stakeholder needs in your data analysis project. How did you approach this situation and what was the outcome?,"As a Senior Data Scientist on a project to develop predictive maintenance algorithms for a large manufacturing facility, I encountered conflicting stakeholder needs related to data privacy and algorithm performance.  The engineering team insisted on using a proprietary dataset for training, while the CEO desired a model that could be used with existing public data and meet broader industry standards. To address this, I prioritized transparency by building an initial prototype using publicly available datasets and then focused my efforts on tailoring the model to incorporate the proprietary data after demonstrating its effectiveness in addressing specific concerns around privacy and performance. The result was a robust predictive maintenance solution that met both stakeholder needs while minimizing privacy risks.",gemma2:2b,2026-05-08T12:35:45.368470,160,823,26,118,5
data_scientist_hr_hard_0014,Data Scientist,HR,hard,"Tell me about a time you had to make a complex decision about data bias, weighing potential ethical implications against possible business gains.  How did you navigate that challenge and what lessons did you learn?","During my previous role at a large telecom company, I spearheaded an initiative to develop predictive models for customer churn.  The data, while diverse, showed a stark gender disparity in churn prediction accuracy – male customers were significantly more accurately predicted than female customers. This bias revealed an ethical challenge: neglecting the potential implications of perpetuating existing social biases could negatively impact customer trust and retention. To mitigate this, I implemented feature engineering techniques like removing sensitive attributes from data sets to ensure fairness in model training.  The result? We achieved a 10% increase in churn prediction accuracy while minimizing gender bias. This experience taught me that ethical considerations should always be prioritized during data analysis and model development, even if it requires trade-offs in terms of performance or efficiency.",gemma2:2b,2026-05-08T12:36:14.854548,214,919,35,130,8
data_scientist_technical_easy_0015,Data Scientist,Technical,easy,What are the key differences between supervised and unsupervised learning in the context of data analysis? Give examples for each type.,"In supervised learning, we provide a labeled dataset with input features and corresponding output targets.  For example, in image recognition, we train a model to identify cats and dogs by feeding it thousands of labelled images. This allows the model to learn relationships between visual features and their respective labels, enabling prediction for unseen images.  Unsupervised learning, on the other hand, involves analyzing unlabeled data to discover hidden structures or patterns. For instance, customer segmentation using clustering algorithms like K-means can group customers based on similar purchasing behaviors without predefined categories. This allows businesses to gain valuable insights and target their marketing efforts more effectively.  Supervised learning provides clear predictions but has a limited understanding of the underlying structure; while unsupervised learning offers deeper insights into hidden relationships in data, but may lack interpretability for specific prediction tasks.",gemma2:2b,2026-05-08T12:36:43.133800,135,1010,21,138,8
data_scientist_technical_easy_0016,Data Scientist,Technical,easy,Explain the concept of bias-variance tradeoff in machine learning with an example.  How can we approach this problem to build a good predictive model?,"In a classic scenario, I remember working on a project predicting customer churn for an insurance company. The model was performing well initially but started to struggle with accuracy due to overfitting. This is the bias-variance tradeoff in action.  Overfitting happens when our model learns the training data too well, including its noise and idiosyncrasies, leading to high variance.  To reduce this variance, we applied regularization techniques like L1 or L2 penalties during model training.  This helps the model generalize better to unseen data, reducing the impact of overfitting and improving predictive accuracy overall.",gemma2:2b,2026-05-08T12:37:06.861054,150,631,24,94,7
data_scientist_technical_medium_0017,Data Scientist,Technical,medium,"How would you approach building a recommendation system for an e-commerce platform given a large dataset of product interactions (e.g., ratings, purchases, reviews) and user profiles?","I'd leverage a hybrid collaborative filtering and content-based approach.  First, I would perform a user profile analysis based on historical purchase data to understand their preferences (e.g., brands, categories) through clustering techniques like k-means. Then, using a matrix factorization algorithm like Alternating Least Squares (ALS), I'd build a model for collaborative filtering to suggest items similar to those the user has interacted with in the past, leveraging ratings and purchase data.  To enhance accuracy, I would also incorporate product features like attributes, reviews, and images to build a content-based recommendation system, ensuring users receive relevant suggestions even when no explicit ratings exist. This combination allows for personalization at scale while accounting for inherent biases.",gemma2:2b,2026-05-08T12:37:37.056231,183,822,26,114,8
data_scientist_technical_hard_0018,Data Scientist,Technical,hard,"Given a dataset with high dimensional features and limited labeled data for a supervised learning task, explain your approach to handling class imbalance using both practical techniques and theoretical considerations. What are the potential challenges and biases in this process? How do you mitigate them effectively?","For imbalanced datasets, my approach starts with data understanding through visualization and statistical analysis to identify class distribution patterns.  In practice, techniques like oversampling (SMOTE) or undersampling followed by weighted cost functions ensure balanced training sets.  Theoretical considerations include ensuring model diversity (e.g., using ensembles of different base models).  A key challenge is potential biases from data selection during oversampling, which can inadvertently amplify existing class biases.  To mitigate this, I employ carefully-designed stratified sampling methods to avoid skewed datasets and leverage unbiased evaluation metrics like AUC and Precision-Recall curves for model performance assessment.",gemma2:2b,2026-05-08T12:39:06.405135,317,746,46,94,8
machine_learning_engineer_hr_easy_0019,Machine Learning Engineer,HR,easy,Describe a time you worked on a project where your approach to solving a technical challenge differed from that of a team member. How did you navigate this situation?,"During a data science project involving customer churn prediction, I initially proposed using a tree-based model to identify high-risk customers. My colleague, however, advocated for a gradient boosting algorithm due to its superior predictive accuracy on similar datasets they'd worked with previously.  We acknowledged the strengths of both approaches and decided to run experiments comparing their performance. By employing A/B testing with hyperparameter tuning, we found that the Gradient Boosting model outperformed the decision tree in terms of both F1-score and AUC metric, exceeding our initial expectations. This experience helped us refine our understanding of data science tradeoffs and develop effective communication strategies for presenting different approaches to team members.",gemma2:2b,2026-05-08T12:39:32.309717,166,794,29,110,6
machine_learning_engineer_hr_easy_0020,Machine Learning Engineer,HR,easy,Tell me about a time you faced a roadblock during a project. How did you manage the problem and work towards resolving it?,"During a project developing an image recognition model for object detection, I encountered a roadblock when the model's performance on a specific dataset was significantly lower than anticipated. My task was to identify and address this discrepancy.  I first analyzed the data itself, investigating potential biases or inconsistencies in the dataset that could be contributing to the lower accuracy. Subsequently, I implemented data augmentation techniques and adjusted hyperparameters through fine-tuning, leading to a noticeable improvement in the model's performance on both validation and testing sets. This approach not only addressed the specific issue but also enhanced overall model robustness and generalization capabilities.",gemma2:2b,2026-05-08T12:39:55.827326,122,734,23,102,6
machine_learning_engineer_hr_medium_0021,Machine Learning Engineer,HR,medium,Tell me about a time you had to explain a complex technical concept to someone with limited experience in machine learning. How did you approach this situation?,"During my previous role at [Previous company], I was tasked with educating a new client on the complexities of their marketing campaign data. The client had limited background in machine learning and struggled to understand the potential impact of different prediction models. To clarify this, I first began by explaining key concepts like supervised vs. unsupervised learning and demonstrating real-world examples like spam detection using a simple algorithm.  Then, using visual aids like scatter plots and confusion matrices, I showed how these techniques could predict customer behavior based on historical data. This approach allowed the client to grasp the underlying principles and see their own marketing campaign's potential for improvement through data analysis.",gemma2:2b,2026-05-08T12:40:20.658061,160,772,27,113,7
machine_learning_engineer_hr_medium_0022,Machine Learning Engineer,HR,medium,"Describe a project where you faced a challenging conflict within your team, and how you resolved it. What was the outcome of your efforts?","During a project developing an AI-powered customer support chatbot, team members disagreed on the best way to prioritize features for the initial release.  I recognized this as a major conflict when it impacted our timeline and scope. To resolve it, I initiated a series of workshops involving everyone, using data analysis and crowd-sourcing techniques to understand stakeholder needs and technical capabilities. We ultimately prioritized features based on customer impact and team expertise. The final product saw faster adoption rates with higher satisfaction scores, demonstrating the strategic value of addressing internal conflicts early.",gemma2:2b,2026-05-08T12:40:42.827706,138,644,24,92,6
machine_learning_engineer_hr_hard_0023,Machine Learning Engineer,HR,hard,"Tell me about a time when you had to make a critical decision regarding a machine learning model's architecture that ultimately impacted its performance.  How did you approach this situation, and what factors influenced your final decision?","In a previous project developing an e-commerce platform recommendation engine, I faced a dilemma regarding feature engineering. The initial model performance was satisfactory but limited by slow inference times. Tasked with optimizing for both accuracy and efficiency, I prioritized data pruning techniques to reduce dimensionality while preserving predictive power.  By selecting relevant features that correlated strongly with purchase behavior, I achieved a 15% improvement in accuracy without significantly increasing latency. This experience highlighted the importance of carefully considering model trade-offs when balancing performance and resource constraints.",gemma2:2b,2026-05-08T12:41:06.087768,240,668,37,86,6
machine_learning_engineer_hr_hard_0024,Machine Learning Engineer,HR,hard,"You were leading a project with two contrasting team members, one passionate about interpretability and the other focused solely on accuracy metrics. How did you navigate these differing priorities and ultimately foster successful collaboration towards a shared goal for model deployment?","The project involved a complex model with significant performance disparities in certain scenarios.  I identified that the team member prioritizing interpretability was concerned about misinterpretations and potential biases, while the accuracy-focused one had concerns about achieving high predictive quality for real-world data. To bridge this gap, I introduced workshops focused on shared understanding, where we explored how each perspective could contribute to building a robust model. This involved mapping out clear performance metrics aligning with interpretability, utilizing explainable AI techniques, and emphasizing the importance of both accuracy and transparency during development and deployment.  We achieved significant progress in developing accurate, unbiased models while maintaining high stakeholder confidence and ensuring model interpretation for effective decision-making.",gemma2:2b,2026-05-08T12:41:35.929665,288,896,41,114,6
machine_learning_engineer_technical_easy_0025,Machine Learning Engineer,Technical,easy,Describe a time you faced a data problem that required significant preprocessing before building a machine learning model. What steps did you take to ensure your data was preprocessed effectively?,"In a previous role, I was tasked with building a model to predict customer churn for a telecommunications company.  The data had several issues: missing values, inconsistent data entry practices, and varying feature scales across different attributes like age and plan price.  My approach involved a three-step strategy: first, I utilized imputation techniques like mean/median replacement for missing values. Next, standardization of the features was achieved using normalization or z-score scaling to ensure consistent data distribution. Lastly, feature engineering involved creating new features based on existing ones (e.g., average monthly usage vs. total billing) to capture more relevant information and enhance model accuracy. This preprocessing significantly improved model performance, leading to an estimated 10% reduction in churn predictions compared to a baseline model without pre-processing.",gemma2:2b,2026-05-08T12:42:31.128594,196,907,30,125,10
machine_learning_engineer_technical_medium_0026,Machine Learning Engineer,Technical,medium,"Describe a time you encountered a data preprocessing challenge in a machine learning project. How did you approach the problem, and what solutions did you implement?  Be sure to detail the specific challenges faced, your methodologies, and the outcomes achieved.","In a project for analyzing customer churn in a telecoms company, I faced a challenge with the data's uneven distribution of categorical features.  The task was to develop a predictive model using XGBoost, and the dataset had hundreds of customers each month with varying spending habits.  My approach involved applying **Principal Component Analysis (PCA)** to reduce dimensionality while retaining essential variance.  This allowed me to focus on the most impactful features for predicting churn.  The outcome was a significant reduction in computation time for training the model while maintaining predictive accuracy comparable to the original dataset.",gemma2:2b,2026-05-08T12:42:59.843148,262,655,40,96,6
machine_learning_engineer_technical_hard_0027,Machine Learning Engineer,Technical,hard,"How would you design an optimal feature selection method for a complex machine learning model with numerous features and high dimensionality?  Explain your reasoning, methodology, and potential challenges.","During my previous role at Google, we faced a similar challenge with a complex NLP model predicting customer churn. I started by implementing dimensionality reduction techniques like Principal Component Analysis (PCA) to identify most influential features based on variance explained. This step helped us understand which features were driving significant changes in predictions. Next, using feature selection methods like LASSO regression and Lasso with Regularization, we prioritized the least correlated and statistically significant variables for our model.  This method improved the model's accuracy by 15% and reduced training time significantly, demonstrating the effectiveness of a structured approach for feature selection. However, challenges arise with sparse datasets where features might be highly correlated or with complex interactions between them, requiring more sophisticated techniques like feature interaction analysis to account for that.",gemma2:2b,2026-05-08T12:44:05.059926,205,959,28,130,7
frontend_developer_hr_easy_0028,Frontend Developer,HR,easy,Tell me about a time you had to work with a team on a project where you disagreed with a teammate's approach. How did you resolve the issue?,"During a project developing an e-commerce platform, I disagreed with my teammate's approach to optimizing the homepage for conversion rates. They prioritized a focus on user engagement through visually appealing elements, while I argued we needed to implement micro-interactions that directly impacted conversions. To resolve this conflict, I presented data and user testing results highlighting the importance of A/B testing specific call-to-action elements. We collaboratively implemented the most impactful changes based on those findings, leading to a 15% increase in conversion rate during the site refresh.",gemma2:2b,2026-05-08T12:45:05.329359,140,612,28,86,5
frontend_developer_hr_easy_0029,Frontend Developer,HR,easy,"Tell me about a time when working on a project, you were tasked with presenting your ideas and they didn’t quite align with what was expected from another team member. How did you address the situation to ensure everyone was aligned and satisfied?","During a recent project on interactive dashboards for our marketing team, I presented a user interface design concept focused on dynamic filters and data visualizations. While it was well-received by stakeholders, another team member had prioritized a more traditional approach with fixed data tables. To bridge the gap, I explained the potential benefits of my approach (faster insights, deeper exploration) alongside their reasoning for using a less interactive model.  We collaborated to adapt some elements from their design and incorporated them into my concept, ultimately achieving mutual satisfaction. This process taught me the importance of clear communication, understanding varying perspectives, and finding solutions that balance technical feasibility with user experience goals.",gemma2:2b,2026-05-08T12:45:36.727533,247,792,43,111,6
frontend_developer_hr_medium_0030,Frontend Developer,HR,medium,Describe a situation where you had to prioritize competing technical requirements during development. How did you approach this challenge?,"At my previous role at a large e-commerce platform, we faced a clash between enhancing performance and adding new features. We needed to optimize page load times for better user experience, but simultaneously wanted to add robust new product listings functionality. I chose to prioritize the performance optimization first. By implementing lazy loading on static pages and utilizing efficient data structures, we reduced initial load times significantly without compromising on feature additions. This resulted in a 20% reduction in average page load time, positively impacting user engagement and satisfaction.",gemma2:2b,2026-05-08T12:46:00.651185,138,611,19,89,6
frontend_developer_hr_medium_0031,Frontend Developer,HR,medium,"Tell me about a time when your work on a project faced unexpected challenges from stakeholders, or a change in scope.  How did you manage those changes and ensure the final product delivered its intended value?","During a project redesign for a high-traffic e-commerce platform, we received feedback from stakeholders demanding faster loading times and improved user experience.  The initial plan focused on expanding functionalities without prioritizing UX/A/B testing. I understood this could impact performance negatively. To ensure the final product delivered its intended value, I proposed implementing prioritized features based on impact and data analysis, incorporating A/B testing for key elements like page load speed and interface design. This approach yielded positive results; the redesigned platform boosted user engagement and reduced load times by 20%, exceeding expectations and achieving a seamless online experience.",gemma2:2b,2026-05-08T12:46:30.014811,210,722,36,98,6
frontend_developer_hr_hard_0032,Frontend Developer,HR,hard,"Tell me about a time you had to balance technical specifications with user experience considerations in a design project. How did you approach the situation, and what was the outcome?","In a previous project developing a financial dashboard for a large corporation, we were tasked with building interactive charts and graphs that would display complex data.  The initial specifications emphasized data visualization accuracy, but user experience was lacking. The task was to find the optimal balance between these competing factors – prioritizing clear and intuitive visuals while ensuring efficient navigation through the large dataset. To address this, I leveraged the concept of a ""data-driven"" design, using interactive filters and drill-down functionalities that allowed users to explore specific trends without compromising on data accuracy.  This approach led to a more engaging user experience, resulting in a 20% increase in user engagement and satisfaction.",gemma2:2b,2026-05-08T12:47:00.548743,183,781,30,112,6
frontend_developer_hr_hard_0033,Frontend Developer,HR,hard,Tell me about a time you faced a conflict between your team's desire for a specific feature implementation and the need for scalability within an existing system. What steps did you take to navigate this challenge and achieve a resolution that benefited both the team and the project as a whole?,"At a previous company, we were tasked with migrating our user interface to a new framework. The team enthusiastically embraced a highly interactive and customizable design that would revolutionize the platform's user experience. However, this approach posed significant scalability challenges as it resulted in resource-intensive backend interactions. To address this, I led the team through an analysis of performance metrics and proposed prioritizing key features for initial migration.  I then outlined specific trade-offs – faster onboarding for core functionalities vs. advanced user interface elements -  and prioritized based on project goals and future growth. This approach allowed us to launch a scalable MVP while ensuring we could expand the platform's capabilities in the long run.",gemma2:2b,2026-05-08T12:47:35.065777,295,794,51,115,8
frontend_developer_technical_easy_0034,Frontend Developer,Technical,easy,How do you approach implementing responsive design in a web application?  Explain your preferred methods for ensuring optimal viewing experience across different screen sizes.,"For responsive design implementation, my approach involves a combination of media queries and flexible grids.  I start by creating separate HTML layouts for different screen sizes (desktop, tablet, mobile) using frameworks like Bootstrap or Tailwind CSS. This allows me to utilize `max-width` and `min-width` properties in the CSS styles to control the layout based on viewport width. In addition, I ensure text resizing, image scaling, and button adjustments are responsive across all devices.  For example, if a user is viewing our website on their phone, we need to reduce the amount of content for a more user-friendly experience.",gemma2:2b,2026-05-08T12:48:03.020095,175,634,24,98,6
frontend_developer_technical_easy_0035,Frontend Developer,Technical,easy,"What is the difference between `display: block` and `display: inline-block`, and how does each affect how elements are rendered on the page?","In a project where we wanted to control how an element was displayed within a container, `display: block` proved helpful.  For instance, when creating a full-width image on our website's homepage, I decided to use `display: block`. It would take up the entire width of its parent and automatically wrap text within it. With `display: inline-block`, we could control both the display and flow of content within an element, such as creating buttons that are placed side by side without overflowing. This came in handy for a project where we needed to implement a list item layout.",gemma2:2b,2026-05-08T12:48:32.651622,140,578,22,97,6
frontend_developer_technical_medium_0036,Frontend Developer,Technical,medium,Describe your approach to optimizing a web application's performance for mobile devices using techniques like lazy loading and code minification.  How would you prioritize these strategies?,"In a scenario where an app experiences sluggishness on mobile devices, my approach prioritizes optimizing code and assets for faster loading. For instance, I’d utilize lazy loading to prefetch images or videos only when they're needed. This minimizes the initial load time by offloading content until user interaction, ultimately improving responsiveness.  Further, I would ensure efficient code minification using tools like UglifyJS to reduce file size and improve network speed, making it easier for mobile devices to download content. It's crucial to strike a balance between optimizing for mobile users while maintaining the application's performance overall.",gemma2:2b,2026-05-08T12:49:30.088315,189,664,26,96,6
backend_developer_hr_easy_0037,Backend Developer,HR,easy,Tell me about a time you worked on a project with a tight deadline. What was your approach to ensure its success?,"During my time at [previous company], I was part of a team tasked with implementing a new customer portal within two weeks. The project had a critical need to deliver real-time data and analytics for user engagement. My approach focused on strategic planning and prioritizing tasks.  I broke down the development into smaller, achievable milestones and allocated resources accordingly. As a result, we delivered a fully functional system that met our client's needs and exceeded expectations in terms of functionality and performance.",gemma2:2b,2026-05-08T12:50:55.130670,113,534,22,82,6
backend_developer_hr_easy_0038,Backend Developer,HR,easy,Tell me about a time you had to collaborate with a team member who had a different working style than yours. How did you resolve any potential conflicts or disagreements?,"During a large-scale project implementing a new payment gateway system, I collaborated with a team member who preferred to work in sprints with tight deadlines. Their approach led to some clashes as my preference was for a more iterative development process that allowed for thorough testing. To resolve any potential conflicts, I encouraged frequent communication, actively listening to their rationale, and explaining the benefits of our planned iterative approach. This yielded greater code quality and ensured smoother integration with existing systems.  As a result, both teams were satisfied with the final product's success.",gemma2:2b,2026-05-08T12:51:23.042483,170,631,30,93,6
backend_developer_hr_medium_0039,Backend Developer,HR,medium,Tell me about a time you had to work on a project where your team faced significant technical roadblocks. How did you approach the situation to ensure that the project stayed on track?,"During my previous role at [Company Name], we were developing a new feature for our e-commerce platform.  We hit significant roadblocks during the backend development phase involving integrating an API with a third-party authentication service. The original implementation was causing performance bottlenecks and security vulnerabilities. To address this, I implemented a redesign of the authentication flow using micro-services architecture. This allowed us to isolate individual components, leverage asynchronous processing, and enhance scalability.  The redesigned solution resulted in significant performance improvements and mitigated the security concerns, allowing us to launch the feature on schedule.",gemma2:2b,2026-05-08T12:51:49.851377,184,709,33,93,7
backend_developer_hr_hard_0040,Backend Developer,HR,hard,"Describe a time you faced a critical technical challenge during the development of a complex system. How did you approach this situation, what resources did you utilize, and what were the outcomes?","During a development phase for our social network platform, we encountered a critical challenge with real-time user authentication. The existing system was struggling to handle a surge in concurrent login requests due to a new marketing campaign. My task was to optimize the authentication process by introducing a distributed caching strategy that utilized Redis for storing authentication tokens.  To analyze performance bottlenecks, I leveraged profiling tools and benchmark tests to identify the critical sections of the codebase responsible for latency issues. This resulted in reduced user wait times by 30% and improved overall system stability. Implementing this solution not only addressed the immediate challenge but also laid the groundwork for future scalability improvements within the platform's architecture.",gemma2:2b,2026-05-08T12:52:46.370722,197,823,32,117,7
backend_developer_hr_hard_0041,Backend Developer,HR,hard,"Tell me about a time when you needed to advocate for a different architectural approach within a team that was strongly set on a specific implementation.  How did you balance your perspective with their existing vision, and ultimately influence the decision-making process in favor of an optimal solution for the project's long-term success?","In a previous role working on a large-scale e-commerce platform, we were building out a new inventory management system. The team had initially settled on a highly distributed microservice architecture, which seemed efficient at first glance but lacked the flexibility and maintainability necessary for future scaling.  I argued that moving to a centralized data store with a serverless approach would offer greater scalability, improved observability, and reduced operational overhead in the long term. This involved presenting data-driven insights on anticipated traffic and resource requirements. The team was hesitant at first due to existing investments and concerns about control. Ultimately, after showcasing clear benefits and addressing their specific concerns, I led a proof-of-concept implementation that proved the advantages of our approach.  This paved the way for a complete replatform with improved performance and reduced maintenance costs in subsequent releases.",gemma2:2b,2026-05-08T12:53:28.054799,341,980,53,138,8
devops_engineer_hr_easy_0042,DevOps Engineer,HR,easy,Describe a time you worked on a project with tight deadlines. What was your approach to achieving the desired outcome?,"In a previous role at [Company], we were tasked with deploying a new CRM system to a critical production environment within two weeks.  The project was facing several dependencies and shifting deadlines from the business side. My approach involved breaking down tasks into manageable components, establishing clear communication channels, and leveraging automation tools like Ansible and Jenkins for consistency and speed during the deployment process. This enabled us to deploy the CRM system in a controlled manner and ensure smooth integration with existing infrastructure, meeting the deadline while prioritizing quality assurance throughout.",gemma2:2b,2026-05-08T12:57:02.459171,118,646,20,92,5
devops_engineer_hr_medium_0043,DevOps Engineer,HR,medium,Tell me about a time you had to resolve a critical issue with multiple stakeholders who had differing opinions on the best course of action. How did you approach the situation and achieve a solution everyone could agree upon?,"During a recent outage affecting customer onboarding for our SaaS product, we faced conflicting opinions on how to restore services.  My task was to find a solution that minimized downtime and addressed all stakeholders' concerns - engineering team prioritised rolling back changes, business side wanted to stabilize the application before restoring it. I prioritized understanding their motivations: the engineering team’s fear of impacting future deployments for critical customers, while the business needed to quickly return to operational normalcy.  I facilitated a discussion where we jointly determined a phased approach: first rollback and validation, then controlled restoration after thorough testing on a smaller subset of users. This compromise enabled us to restore services safely while addressing stakeholder concerns and minimizing downtime.",gemma2:2b,2026-05-08T12:57:59.914609,225,857,39,120,6
devops_engineer_hr_medium_0044,DevOps Engineer,HR,medium,"Describe a recent project where your team faced conflicting priorities.  How did you ensure alignment on technical goals while navigating those priorities, and what was the outcome?","Recently, we were tasked with migrating our legacy web application to a new cloud platform while simultaneously scaling it to meet increased user demand.  The project had two major conflicting priorities: optimizing performance for faster load times and maximizing cost-efficiency in the cloud infrastructure. To ensure alignment on technical goals, I led a workshop where we prioritized features and identified opportunities for automation to streamline the migration process. We implemented containerization for deployment and serverless architectures for specific tasks, achieving significant speed and cost reduction without compromising functionality. This ultimately resulted in a successful migration that allowed us to meet user demands while keeping our costs under control.",gemma2:2b,2026-05-08T12:58:27.729210,181,783,27,108,6
devops_engineer_hr_hard_0045,DevOps Engineer,HR,hard,"Tell me about a time when you encountered a significant technical challenge during a deployment process that required collaboration with other teams. How did you navigate this situation to achieve success, and what key lessons did you learn from the experience?","During a large-scale website migration to AWS, we encountered an unexpected performance bottleneck due to misconfigured load balancers.  The task was to identify the root cause and devise a solution with other engineers responsible for infrastructure and application scaling. I collaborated with them to conduct thorough analysis and testing of existing configurations before implementing a phased rollout strategy. We utilized monitoring tools to observe real-time server metrics and adjusted load balancer settings based on performance data, ultimately resolving the issue within 24 hours. This experience highlighted the importance of clear communication, proactive collaboration, and comprehensive testing in complex deployments, ensuring minimal downtime and maximum resilience.",gemma2:2b,2026-05-08T12:58:57.264212,261,783,41,105,6
devops_engineer_hr_hard_0046,DevOps Engineer,HR,hard,"Describe a situation where your work on a project had to adapt to unexpected stakeholder feedback or changing requirements at a late stage of development. How did you manage this dynamic, and what strategies helped ensure successful implementation despite these challenges?","At my last role, we were developing a microservices architecture for an e-commerce platform.  A crucial new feature was to introduce automated inventory management based on real-time sales data. However, after extensive testing and user acceptance reviews, the stakeholders requested that the system be more granular and allow manual overrides for specific product categories.  I prioritized understanding their reasoning – high value items requiring special attention needed a less automated approach. We reprioritized tasks, shifted focus to implementing an advanced workflow engine using a combination of Kubernetes and serverless functions. This allowed us to introduce the new feature while maintaining control over critical items, ultimately delivering on both stakeholder needs and performance expectations.",gemma2:2b,2026-05-08T12:59:29.340842,273,814,41,113,7
devops_engineer_technical_easy_0047,DevOps Engineer,Technical,easy,What is the purpose of a CI/CD pipeline? Describe its typical stages and key components.,"In my previous role at [Company name], I designed and implemented a CI/CD pipeline to streamline our software development process. The key purpose was to automate our deployment process, enabling us to deliver new features faster and more frequently while maintaining high code quality.  The typical stages of the pipeline include: Continuous Integration (CI) with automated builds and testing, followed by Continuous Deployment (CD), which automatically pushes changes to production after successful CI tests. We also utilized Jenkins for automation and Ansible for infrastructure management. Ultimately, this significantly reduced deployment time from weeks to days while ensuring a high level of reliability and consistency.",gemma2:2b,2026-05-08T12:59:55.738374,88,727,15,104,6
devops_engineer_technical_easy_0048,DevOps Engineer,Technical,easy,Describe your experience with configuration management tools like Puppet or Ansible.  What are the advantages of using such tools compared to manual configuration?,"At my previous company, we implemented Ansible for infrastructure provisioning and configuration management.  For a project to migrate our legacy applications to AWS, I used Ansible to automate deployment tasks such as configuring networking, setting up user accounts, and deploying software components across multiple instances.  The advantage of using Ansible over manual configurations was its ability to streamline repetitive tasks and ensure consistency in deployments across different environments.  We significantly reduced downtime by automating the configuration process. Additionally, we were able to roll out new releases faster with fewer errors and incidents due to standardized configurations.",gemma2:2b,2026-05-08T13:00:21.977768,163,707,23,96,6
devops_engineer_technical_hard_0049,DevOps Engineer,Technical,hard,"Describe your approach to implementing infrastructure as code (IaC) for a complex application deployed across multiple cloud environments (AWS, Azure, GCP). How do you ensure consistency and maintainability across these varying infrastructures?  What challenges do you foresee, and how would you mitigate them?","My approach to IaC for a complex application deployed across multiple cloud environments starts with robust infrastructure automation. For AWS, Azure, and GCP, I leverage tools like Terraform, CloudFormation, and Ansible to create reproducible and auditable codebases for each environment.  For consistency and maintainability, I define strict coding standards and implement version control alongside Terraform/CloudFormation scripts. During deployment, I use automated testing frameworks to ensure infrastructure aligns with the desired state. This approach ensures rapid delivery and reduces manual errors. Challenges include handling vendor lock-in, evolving platform requirements across multiple cloud environments, and maintaining code clarity for complex integrations. To mitigate these, I actively advocate for modularization of infrastructure components within Terraform/CloudFormation scripts, utilize multi-cloud tooling like AWS Elastic Container Service (ECS) or Azure Kubernetes Service (AKS), and implement clear documentation to facilitate future development and maintenance.",gemma2:2b,2026-05-08T13:02:34.327684,310,1090,43,137,8
product_manager_hr_easy_0050,Product Manager,HR,easy,Tell me about a time you disagreed with a teammate's approach to solving a problem. How did you manage that disagreement and what was the outcome?,"In a previous role, the team was debating how to redesign our onboarding process. My colleague argued for an automated chatbot solution, claiming it would be cost-effective and scalable. I believed in personalized coaching sessions that tailored to individual needs, emphasizing empathy and knowledge retention.  I outlined my concerns and presented data highlighting the limitations of solely automating complex processes. After discussing various options and potential pitfalls, we reached a compromise - creating a hybrid approach integrating automated resources with personalized coaching. This resulted in a more efficient and effective onboarding process that improved employee satisfaction and boosted retention rates.",gemma2:2b,2026-05-08T13:03:02.385013,146,725,26,100,7
product_manager_hr_medium_0051,Product Manager,HR,medium,"Describe a time you had to work with a team on a project that faced significant roadblocks. How did you navigate those challenges, and what was the outcome?","During my time at [Previous Company Name], we were tasked with developing a new mobile application for our marketing team. While initially enthusiastic, several unforeseen roadblocks arose during development: tight timelines, limited scope of existing resources, and conflicting priorities from the various stakeholders within the team. To overcome these challenges, I implemented daily scrum meetings to streamline communication, allocated tasks strategically based on individual strengths, and utilized agile methodologies for continuous improvement.  We successfully delivered the product under budget and ahead of schedule, even with some features pushed back as per stakeholder feedback and a smaller development team.",gemma2:2b,2026-05-08T13:04:00.247153,156,723,28,98,5
product_manager_hr_medium_0052,Product Manager,HR,medium,Tell me about a product launch where you encountered unexpected market changes during the final stages of development. What strategies did you employ to adapt your strategy and meet evolving customer needs?,"During my tenure at [Previous Company], we launched a new mobile app designed to help users track their energy consumption.  Initially, our target audience was college students, based on market research showing high usage in that demographic. However, just before launch, a major renewable energy policy change impacted the entire industry, causing demand to shift significantly towards professional and industrial clients. To adapt, I restructured the marketing campaign, pivoted towards targeting larger corporations and implemented product updates like granular energy reporting for businesses. The new focus led to increased user engagement, culminating in a successful 25% market share within the first year.",gemma2:2b,2026-05-08T13:04:31.311387,206,713,32,102,6
product_manager_hr_hard_0053,Product Manager,HR,hard,"Tell me about a time you had to balance competing priorities during a product development cycle, especially when faced with stakeholder expectations that didn't always align. What did you do, and what was the outcome?","During my tenure at [Previous Company], we were launching a new feature that aimed to integrate our existing CRM with a third-party app.  We had stakeholder expectations for rapid development of this integration, which would increase adoption of our flagship product and drive revenue, but the technical complexity was substantial. To ensure the best possible solution, I prioritized thorough testing in stages, delaying release until each iteration demonstrated user value and minimized risk.  The outcome: while initial user feedback was positive and the feature successfully integrated with the third-party app after a 6-month development cycle, it ultimately led to an increased customer satisfaction rating, higher product engagement, and a more stable launch than anticipated.",gemma2:2b,2026-05-08T13:05:07.690862,217,782,35,114,5
product_manager_hr_hard_0054,Product Manager,HR,hard,"Describe a situation where you had to make a tough decision regarding feature prioritization for a product under your leadership.  How did you approach this process, and how did you ensure alignment across different teams and stakeholders?","During my tenure at [previous company], we were launching a new feature set for our mobile app. The team proposed three features: an AI-powered content recommendation system, a gamification system to incentivize user engagement, and enhanced security measures.  The task was to prioritize these options based on their potential impact and feasibility. I prioritized the security enhancements as a critical component due to data privacy concerns, conducting thorough research and competitor analysis. This decision led to a 20% increase in user trust and reduced incident rates.  I involved stakeholders from product, engineering, marketing, and legal throughout the process, ensuring everyone understood the rationale behind each decision. We then held weekly meetings to discuss progress and address any roadblocks.",gemma2:2b,2026-05-08T13:05:44.430336,239,816,37,118,8
product_manager_technical_easy_0055,Product Manager,Technical,easy,"What are the key differences between A/B testing and multivariate testing, and when would you use each method?","For A/B testing, I've focused on isolating and comparing one variable at a time. For example, if we wanted to see if changing the CTA button color would increase conversion rates, I would create two versions of the website with different buttons, track click-through rates, and analyze which version performs better.  Multivariate testing considers multiple variables simultaneously. In contrast to A/B testing, it can test for interactions between these variables, revealing subtle dependencies that impact overall performance. This is often employed when designing user interfaces or marketing campaigns, aiming to identify optimal combinations of elements across multiple factors.",gemma2:2b,2026-05-08T13:06:35.089213,110,683,18,98,6
product_manager_technical_hard_0056,Product Manager,Technical,hard,Explain your approach to prioritizing features for a platform launch with limited resources and conflicting stakeholder demands. How do you ensure alignment between product vision and business goals?,"In a resource-constrained environment with conflicting stakeholder demands, I prioritize features by focusing on **high-impact initiatives**.  For example, during a platform launch for a new mobile payment app, we initially prioritized a robust user onboarding experience and core functionality like transaction processing. We then conducted A/B testing with the feature set based on the key business goals such as user acquisition and retention. This allowed us to understand which features yielded the highest engagement and return-on-investment. By iterating this process, we ensured alignment between product vision and business goals while maximizing resources for maximum impact.",gemma2:2b,2026-05-08T13:08:40.310224,199,685,28,95,6
ux_designer_hr_easy_0057,UX Designer,HR,easy,Describe a time you had to balance multiple competing design priorities while working on a project.  How did you approach this situation?,"I was tasked with redesigning a mobile app's user onboarding flow. We needed to increase signups and retention, but also wanted to streamline the process and reduce bounce rate.  To balance these priorities, I conducted A/B testing for different onboarding flows, focusing on user feedback and conversion rates. The result? We implemented a concise 3-step onboarding that improved signup rate by 15% while reducing bounce rate by 20%. This demonstrated how prioritizing key metrics can lead to impactful design decisions.",gemma2:2b,2026-05-08T13:09:02.489560,137,521,22,80,7
ux_designer_hr_easy_0058,UX Designer,HR,easy,"Tell me about a time you received feedback on your work that was critical, but not entirely negative. How did you handle the conversation and what did you learn from the experience?","During a project redesign for an e-commerce platform, I received feedback on the user flows that focused on reducing friction but was also critical of the visual appeal.  Initially, the critique felt like a blow to my design aesthetic, so I prioritized understanding the rationale behind their criticisms and actively sought clarification about the specific areas where improvements were needed. To address this, I conducted user testing alongside the feedback from stakeholders. The feedback led me to re-evaluate my focus on functionality while also considering visual elements more deliberately, resulting in a better overall user experience and stronger brand recognition for our client.  This experience taught me to appreciate constructive criticism, even when it challenges personal style, as an opportunity to enhance design quality.",gemma2:2b,2026-05-08T13:09:31.283984,181,841,32,124,6
ux_designer_hr_medium_0059,UX Designer,HR,medium,Tell me about a time you had to work with a client who disagreed with your design choices. How did you navigate that disagreement and ensure everyone was on the same page?,"During a recent project with a large financial institution, we faced disagreement on the user interface layout for their new mobile application.  Their team wanted a more traditional approach focused on prominent icons and minimal text; however, I proposed a minimalist design emphasizing intuitive navigation with clear iconography and concise text descriptions to promote ease of use.  I scheduled a dedicated meeting, presented my rationale based on research and usability testing data, and actively listened to their concerns.  Ultimately, we reached a compromise where they incorporated the more prominent button options within specific sections while retaining our streamlined layout.  The final product saw increased user satisfaction with greater clarity in navigation and overall app performance.",gemma2:2b,2026-05-08T13:09:57.853746,171,805,32,115,6
ux_designer_hr_medium_0060,UX Designer,HR,medium,"Describe a project where you faced conflicting priorities within your team, and how you managed to find common ground.  What did you learn from the experience?","Leading a redesign of our company's internal onboarding platform for new hires presented a challenge.  Our development team prioritized a rapid launch to meet tight deadlines, while I advocated for incorporating more user feedback in the process, aiming for a high-quality product that better served employee needs. To bridge the gap, I facilitated regular cross-team meetings where we defined key metrics and established shared ownership of the project's success.  This led to a collaborative approach where both sides understood the importance of each other's viewpoints. Ultimately, this resulted in an onboarding platform that was both efficient and user-centric, resulting in improved employee satisfaction and retention rates.",gemma2:2b,2026-05-08T13:10:26.386100,159,732,26,106,6
ux_designer_hr_hard_0061,UX Designer,HR,hard,"You've been tasked with leading a redesign of an existing product that has experienced a decline in user satisfaction and engagement. The team is comprised of designers with diverse skillsets and perspectives, but there's concern about potential friction due to varying approaches to design. How would you approach conflict resolution while maintaining collaboration within the team during such a project?","In a situation like this, where diverse skills and perspectives clash, my approach is to prioritize open communication.  I would start by facilitating a team meeting to discuss the project’s goals, objectives, and potential challenges. I then use the task of prioritizing our efforts around user needs as a unifying framework. For example, if certain team members are fixated on aesthetic changes while others focus on usability, we can use wireframes to visually represent both approaches for a more concrete understanding of their value. This helps us identify common ground and prioritize improvements that benefit all stakeholders. By having these open discussions, I ensure everyone feels heard and valued, leading to more collaborative outcomes.",gemma2:2b,2026-05-08T13:11:01.915226,405,751,60,114,7
ux_designer_hr_hard_0062,UX Designer,HR,hard,"Describe a time when you faced conflicting priorities or opinions from your peers on a major design project. What was your strategy for navigating that situation, and what outcome did you achieve?","In a previous project designing a new mobile app for an online food ordering platform, I faced conflicting priorities. Some team members prioritized quick development and visual polish over thorough user research, leading to rushed design decisions and potentially impacting user experience. To navigate this, I actively facilitated meetings with all stakeholders to clearly articulate the value of user-centric design principles.  We ultimately agreed on a revised development roadmap that balanced speed and functionality, focusing on iterative prototyping and user feedback loops. This led to increased user satisfaction and positive reviews for the new app, exceeding our initial expectations.",gemma2:2b,2026-05-08T13:11:29.043126,196,697,32,99,6
ux_designer_technical_easy_0063,UX Designer,Technical,easy,What are your thoughts on using A/B testing for user interface design?  How would you approach setting up such tests in a real-world scenario?,"In my previous role at [Company Name], we utilized A/B testing extensively to optimize user interface elements.  For example, in redesigning a payment page, I implemented an A/B test comparing two different button styles. The result showed that the more minimalist design with a clear button text achieved a 10% increase in conversion rates. This led to a positive impact on our customer acquisition goals. When setting up tests, carefully selecting the hypothesis and defining clear metrics is crucial for successful results.  A/B testing is most effective when paired with user feedback and data visualization tools.",gemma2:2b,2026-05-08T13:11:54.845128,142,618,24,96,7
ux_designer_technical_hard_0064,UX Designer,Technical,hard,"How would you approach designing a mobile app's UI for users with cognitive impairments, considering both accessibility standards (WCAG) and specific needs of those individuals?","As a senior UX Designer with extensive experience in accessibility, I approach UI design for users with cognitive impairments by first establishing clear communication and understanding.  For WCAG compliance, I prioritize high contrast, legible typography, and interactive elements clearly marked.  In designing for specific needs, like dyslexia, we leverage techniques such as color-coded menus and alternative text for visual content. For dementia patients, the app layout should focus on familiar structures and clear navigation through a gradual onboarding process. By prioritizing usability and empathy in the design flow, I aim to create an inclusive and accessible experience that empowers everyone to engage with our application.",gemma2:2b,2026-05-08T13:13:35.530374,177,737,25,105,6
ux_designer_technical_hard_0065,UX Designer,Technical,hard,Describe the UX process your team employed to develop a user interface for a complex financial platform that prioritized ease of use for older adults.  How did your understanding of their unique challenges inform each stage of the design process?,"Understanding the challenges of older adults presented a unique UX design challenge.  For our financial platform, we began by conducting user research with target demographics.  Our team used A/B testing to identify key areas that required improvement in existing interface designs for increased usability.  A focus group revealed significant difficulty navigating complex menus and understanding financial terminology, resulting in iterative changes using simplified layouts, color-coded icons, and concise language.  This process led to a UI with improved accessibility and ease of use, allowing older adults to comfortably manage their finances on the platform.",gemma2:2b,2026-05-08T13:14:02.447163,246,664,40,93,6
data_analyst_hr_easy_0066,Data Analyst,HR,easy,Tell me about a time you had to explain complex data analysis findings to someone with limited technical understanding. How did you approach the situation?,"In a previous role analyzing customer service data, I needed to present findings about declining churn rates to the executive team.  My task was to translate technical jargon into relatable insights and communicate potential business implications using clear visuals and concise explanations.  I employed a combination of narratives and concrete examples from our data to highlight key trends like which channels were driving increased engagement. This approach led to a more informed decision-making process, resulting in the development of targeted marketing campaigns that successfully mitigated churn.",gemma2:2b,2026-05-08T13:14:24.039095,155,605,25,86,5
data_analyst_hr_easy_0067,Data Analyst,HR,easy,"Tell me about a time you worked on a project where your ideas for analysis were met with resistance from your colleagues.  What was the issue, and how did you navigate it?","I once worked on a project analyzing customer churn to identify key factors contributing to customer loss. My initial analysis suggested a potential correlation between high customer satisfaction scores and a decrease in churn rates. However, some colleagues focused solely on sales data, arguing that these metrics were the most important indicator of success and downplaying the impact of customer feedback. I persisted by presenting my analysis alongside existing sales data, demonstrating how customer-centric factors could be key drivers for long-term profitability. This allowed me to build a more comprehensive understanding of the problem and ultimately lead to a project that combined both qualitative and quantitative insights, leading to successful implementation of targeted retention strategies.",gemma2:2b,2026-05-08T13:14:55.058534,171,808,32,115,6
data_analyst_hr_medium_0068,Data Analyst,HR,medium,Describe a time you had to present data insights to stakeholders with conflicting priorities. How did you approach navigating that challenge?,"In a previous role, I was tasked with analyzing employee turnover trends for our newly implemented benefits package.  While senior management prioritized cost reduction, HR leaders wanted to understand how the new benefits package impacted employee satisfaction and retention. To navigate this conflict, I presented two separate reports: one highlighting potential savings from attrition reduction based on traditional metrics, and another focusing on employee engagement drivers identified through qualitative analysis of feedback surveys. By clearly showcasing the economic impact alongside the human perspective, I fostered a better understanding of both sides' priorities and enabled collaborative decision-making.",gemma2:2b,2026-05-08T13:15:17.578533,141,718,21,96,5
data_analyst_hr_medium_0069,Data Analyst,HR,medium,Tell me about a time you worked on a project where the team faced unexpected technical difficulties that threatened to delay the deadline.  How did you respond and what was the outcome?,"During a project at [Company Name] to analyze customer churn for our marketing campaigns, we encountered unexpected technical difficulties when integrating third-party data.  The integration was proving too complex and time-consuming. To address this, I broke down the task into smaller components, delegated responsibility for specific aspects, and prioritized tasks based on impact on the deadline. By identifying a critical component that could be completed faster, we were able to launch a simplified version of the analysis ahead of schedule, which allowed us to deliver key insights and inform marketing decisions. This early success led to smoother integration in the later stages and ultimately enabled us to meet the project's full scope within the original deadline.",gemma2:2b,2026-05-08T13:15:47.262959,185,776,32,116,6
data_analyst_hr_hard_0070,Data Analyst,HR,hard,"Tell me about a time when you had to balance conflicting priorities within a team data analysis project. How did you navigate this challenge, and what were the key lessons you learned?","During a large-scale customer segmentation project, conflicting priorities within the team arose regarding data analysis scope and timeline. To navigate this, I first facilitated a discussion to clearly define everyone's goals and expectations.  Then, I prioritized tasks based on their strategic impact and dependencies, adjusting timelines as needed. This allowed us to simultaneously deliver high-quality outputs for various stakeholders while staying within project constraints. Through these actions, I learned the importance of collaborative communication, clear prioritization strategies, and agile task management in achieving optimal results when juggling competing demands.",gemma2:2b,2026-05-08T13:16:12.493778,184,683,32,89,6
data_analyst_hr_hard_0071,Data Analyst,HR,hard,"Describe a time when you challenged an existing data analysis workflow or approach because it felt inadequate or biased.  How did you justify your change, and how was the decision received by stakeholders?","As a data analyst, I'm constantly evaluating our workflows and approaches.  In one instance, we relied on a traditional customer segmentation model based purely on demographics.  However, this analysis consistently yielded inaccurate predictions for high-value customers. Tasked with driving more effective marketing strategies, I proposed implementing a predictive model incorporating purchase history and engagement data, alongside behavioral analytics. This decision led to significant improvement in our ROI, as we were able to target higher-intent customers with personalized offers. Stakeholders readily embraced this change, recognizing the value of more sophisticated insights and its impact on revenue generation.",gemma2:2b,2026-05-08T13:16:39.721886,205,722,33,96,7
data_analyst_technical_easy_0072,Data Analyst,Technical,easy,How would you approach cleaning and preparing a dataset with missing values? Describe your steps and the potential challenges you might face.,"For a dataset with missing values, I'd first identify the nature of those missing values using descriptive statistics and visualize potential patterns.  In my previous role at [Previous Company], dealing with 20% missing data in customer information, I employed imputation techniques like mean/median substitution for numerical columns and mode replacement for categorical ones to fill the gaps. However, I always prioritize understanding why these missing values occur—are they due to errors, unavailable records, or other reasons that need clarification?  This helps me ensure the cleaned data is accurate and actionable, avoiding biased analysis.",gemma2:2b,2026-05-08T13:17:03.243545,141,649,22,93,5
data_analyst_technical_easy_0073,Data Analyst,Technical,easy,"Describe your process for transforming data into a useful format for reporting, including any techniques you use for handling inconsistencies or outliers.  Why is this important in analysis?","To transform data into useful reports, I start by defining clear business objectives and gathering relevant data sources.  Then, in a project focused on user adoption of our platform, I cleaned and standardized customer demographics from various spreadsheets, ensuring consistency across tables and mitigating the impact of inconsistent naming conventions.  Next, I used statistical methods like imputation and outlier detection to address missing values and potential skewed data points.  These techniques ensure accurate representation of real-world insights for reporting, allowing stakeholders to make informed decisions based on validated information.",gemma2:2b,2026-05-08T13:17:26.959760,190,656,28,89,5
data_analyst_technical_hard_0074,Data Analyst,Technical,hard,"How do you approach building a data pipeline that incorporates both batch processing and streaming data for real-time insights in an environment with high volume data sources, limited resources, and evolving requirements?  Explain your thought process and consider potential tradeoffs involved.","To handle high-volume data with limited resources and evolving requirements while achieving real-time insights, I start by prioritizing the most critical use cases.  In a situation like this, streaming data is paramount for immediate insights, enabling proactive response and reducing latency.  For batch processing, we leverage efficient tools like Apache Spark or Dask to handle large datasets efficiently. This approach ensures consistent data processing, even as requirements evolve. It requires meticulous planning for resource allocation, considering trade-offs between real-time analysis and historical reporting needs.",gemma2:2b,2026-05-08T13:19:18.142553,294,626,41,84,6
cybersecurity_analyst_hr_easy_0075,Cybersecurity Analyst,HR,easy,Tell me about a time you had to work with colleagues who disagreed on how to approach a cybersecurity issue. How did you handle the situation?,"During a recent project on implementing multi-factor authentication, our team encountered some disagreement around which types of MFA to implement. Some members favored tokens for added security, while others were concerned about user experience and potential cost. My approach was to first gather data from various sources like industry best practices, vendor security audits, and feedback from end users. I then facilitated a meeting where we openly discussed the pros and cons of each option, highlighting potential risks and mitigation strategies. We ultimately decided on a hybrid solution incorporating both token-based authentication and password-protected MFA, ensuring optimal balance between security and user-friendliness.",gemma2:2b,2026-05-08T13:19:42.898581,142,733,26,102,6
cybersecurity_analyst_hr_medium_0076,Cybersecurity Analyst,HR,medium,"Describe a time when you had to work with a team on a complex cybersecurity project, and how you ensured everyone was aligned with deadlines and deliverables.  What were some challenges you encountered, and what strategies did you use to overcome them?","At my previous role, we implemented a multi-layered security solution for our expanding enterprise network. A significant challenge was ensuring timely integration of diverse teams, each responsible for specific system components (firewalls, IDS/IPS, intrusion detection tools). To address this, I established regular communication channels (weekly team meetings and dedicated project management software) and leveraged visual aids like Gantt charts to outline progress and dependencies.  This transparency fostered accountability across the team, leading to a successful launch with all deadlines met.",gemma2:2b,2026-05-08T13:20:33.889349,252,602,42,80,5
cybersecurity_analyst_hr_hard_0077,Cybersecurity Analyst,HR,hard,Tell me about a time when you had to manage conflicting priorities within a team to ensure critical security infrastructure remained operational while addressing an unforeseen incident. How did you navigate this situation?,"At a previous organization, we were migrating our core network infrastructure to a new cloud platform. This involved complex dependencies and required a strict schedule to avoid service disruptions during peak traffic hours.  However, we encountered an unexpected denial-of-service attack that crippled the network for several days.  I prioritized addressing immediate security concerns while ensuring minimal downtime by coordinating with development teams to patch vulnerabilities and manage critical resources efficiently. We achieved limited functionality within 24 hours and subsequently restored full service a week later using a hybrid approach, balancing rapid response against long-term planning and mitigation strategies. This experience honed my ability to make quick decisions in high-pressure situations while maintaining the security posture of the infrastructure.",gemma2:2b,2026-05-08T13:21:31.238600,222,878,33,118,7
cybersecurity_analyst_hr_hard_0078,Cybersecurity Analyst,HR,hard,"Tell me about a time when you identified and addressed a potential cybersecurity risk that wasn't immediately apparent, even with your expertise in the field.  How did you go about escalating this risk and mitigating any potential harm to the organization?","At a previous role, I identified a potential risk in our cloud infrastructure's access control policy.  While I was familiar with standard protocols, I discovered an outdated configuration allowing unfiltered data transfer between departments. This posed a critical vulnerability as sensitive information could be exposed to unauthorized users and malicious attacks.  I immediately escalated this finding to the management team, proposing a review of the current system architecture and implementing stricter access controls based on least privilege principles. We ultimately revised the policy and implemented new monitoring tools for enhanced data security. The revised infrastructure significantly reduced the risk of data breaches, saving us potential financial loss and reputational damage.",gemma2:2b,2026-05-08T13:22:00.074650,256,795,41,110,7
software_engineer_hr_easy_0001,Software Engineer,HR,easy,Can you tell me about a time when you had to explain a complex technical concept to a colleague or team member who didn't have the same level of expertise as you?,"In my previous role as a senior software engineer at a large tech company, I had to explain a new distributed caching system to our data architect. The task was to simplify complex concepts and ensure everyone on the team understood the technology's benefits and limitations. I used analogies, real-world examples, and visual aids to break down the technical jargon into smaller, more manageable pieces. By doing so, I was able to reduce confusion and improve collaboration among our team members. The result was a better understanding of the system's architecture and a more efficient implementation that met our performance goals while minimizing additional complexity.",llama3.2:latest,2026-05-08T16:14:56.921082,162,671,32,105,6
software_engineer_hr_easy_0002,Software Engineer,HR,easy,"Can you describe a situation where you had to work with someone who had a different working style or perspective, and how you adapted your approach to achieve a successful outcome?","In my previous role as a senior software engineer at a large tech company, I had to collaborate with a team member who had a very different approach to problem-solving. He was more of a ""big picture"" thinker, often focusing on high-level architectural decisions, while I was more focused on the technical details and implementation. To adapt my approach, I made a conscious effort to understand his perspective and incorporate it into our discussions, actively seeking out his input on key design decisions. By doing so, we were able to find a balance between short-term needs and long-term scalability, ultimately delivering a successful project that met both business and technical requirements. Through this experience, I learned the importance of flexibility in teamwork and the value of open communication in bridging differences in working styles.",llama3.2:latest,2026-05-08T16:15:32.977712,180,853,31,134,6
software_engineer_hr_medium_0003,Software Engineer,HR,medium,"Can you describe a time when you had to work with a cross-functional team to resolve a technical issue that was blocking the delivery of a high-priority project? How did you handle any conflicts or disagreements that arose during the process, and what was the outcome for the project?","In a recent project, our team was tasked with implementing a critical feature for a high-priority customer release. The issue arose when the front-end and back-end teams were unable to come to an agreement on the implementation of the feature's API endpoint. To resolve this, I facilitated a joint meeting between the teams, where we actively listened to each other's concerns and identified common goals. Through open communication and compromise, we agreed on a hybrid approach that balanced both teams' needs. The outcome was successful delivery of the project within the tight timeline, with improved collaboration and reduced friction between previously disparate teams.",llama3.2:latest,2026-05-08T16:16:06.582628,284,675,49,103,6
software_engineer_hr_medium_0004,Software Engineer,HR,medium,"Can you tell me about a situation where you had to make a technical decision that didn't align with your personal preference or expertise, but ultimately benefited the project, and how did you communicate that decision to your team?","In my previous role as a lead engineer on an e-commerce platform, I was tasked with migrating our legacy database to a cloud-based solution. Despite having expertise in relational databases, I personally preferred using NoSQL databases due to their scalability and flexibility benefits. However, the project's requirements emphasized data consistency and query performance, which were better served by the relational approach. To address this trade-off, I worked closely with the product owner and architects to identify areas where we could still utilize NoSQL for non-critical data storage. Through open communication and collaboration, we successfully implemented a hybrid database strategy that balanced project needs with my personal preferences, ultimately delivering the required features and meeting user expectations.",llama3.2:latest,2026-05-08T16:16:43.254870,232,826,39,116,6
software_engineer_hr_hard_0005,Software Engineer,HR,hard,"Describe a situation where you had to merge two competing technical solutions that were being championed by different teams within your organization, resulting in a major system overhaul. How did you navigate the ensuing conflict and what ultimately led to the successful implementation of both solutions?","I recall a situation where I was tasked with integrating two competing ESB (Enterprise Service Bus) solutions from different teams. The Task was to merge these solutions into a unified architecture, resulting in a major system overhaul.

In this Situation, I employed a structured approach by facilitating a multidisciplinary team meeting involving representatives from both championing teams. By encouraging open communication and active listening, I helped both teams understand each other's strengths, weaknesses, and concerns. Next, I collaborated with the teams to define a common set of requirements and architectural principles that would facilitate seamless integration.

Through careful planning, trade-offs were made to prioritize compatibility over additional features, ultimately resulting in a harmonized solution that leveraged the best of both worlds. The Result was a unified system that improved overall efficiency and reduced technical debt, while also fostering greater collaboration between teams.",llama3.2:latest,2026-05-08T16:17:22.482290,305,1017,46,142,8
software_engineer_hr_hard_0006,Software Engineer,HR,hard,"Can you walk me through how you would facilitate a technical discussion with a team member who has publicly criticized your approach to a recent project, while maintaining an open-door policy that allows for constructive feedback, without being seen as defensive or dismissive of their concerns?","In a situation where a team member publicly criticized my approach to a recent project, I would first acknowledge their concerns and express my commitment to continuous improvement. The task was to facilitate an open-door discussion without being perceived as defensive. To achieve this, I would actively listen to their feedback, paraphrasing and summarizing it to ensure understanding. Next, I would provide a clear explanation of the reasoning behind my approach, highlighting any trade-offs or considerations that led to the decision. By doing so, I would demonstrate transparency and openness, allowing for constructive dialogue and potentially finding an alternative solution that better aligns with their concerns. Ultimately, this approach would foster a culture of trust and collaboration, leading to a more effective project outcome.",llama3.2:latest,2026-05-08T16:18:00.252056,295,843,46,124,7
software_engineer_technical_medium_0007,Software Engineer,Technical,medium,"Design a caching layer that provides a least recently used (LRU) eviction policy for a web application with 10 concurrent users, where each user makes an average of 20 HTTP requests per minute. What data structures would you use to implement the LRU cache, and what algorithms would you employ to maintain the LRU order?","To design an efficient caching layer for the web application, I would use a combination of data structures. For storing cached items, I would utilize a hash table (e.g., HashMap in Java) with a fixed size to limit cache growth and prevent memory exhaustion.

To maintain the LRU order, I would employ the Doubly Linked List data structure, which allows for efficient insertion, deletion, and eviction of items based on their access frequency. Each node in the list would store a reference to its corresponding cached item.

I would also use a Least Recently Used (LRU) cache algorithm that utilizes the hash table's eviction policy. When the cache is full and a new request is made, I would check if the least recently used item exists by traversing the linked list until we find the head node. If it does, we can simply remove it from the cache.

Alternatively, we could use an open-addressing technique that probes for available slots in the hash table to store new items. However, this approach has higher overhead and may not be suitable for large-scale applications.

Trade-offs include using a fixed-size cache versus an adaptive one, where the size changes dynamically based on request frequency. In our case, I would opt for a fixed-size cache with a moderate capacity (e.g., 1000 items) to balance memory usage and access time.

The implementation would involve maintaining three key data structures: 

- A hash table (`cacheMap`) to store cached items 
- A Doubly Linked List (`cacheList`) to maintain the LRU order of items
- A `cache` class to encapsulate each item in the cache

In our implementation, we would use a combination of these data structures and algorithms to efficiently manage the LRU cache for the web application.",llama3.2:latest,2026-05-08T16:19:42.820198,320,1742,55,291,17
software_engineer_technical_medium_0008,Software Engineer,Technical,medium,"Given a real-time analytics dashboard that processes 1000 requests per second, design a system to optimize query performance by up to 30% while maintaining a response time of less than 500ms for 95% of queries. What database indexing strategy and indexing algorithm would you recommend for this use case?","To optimize query performance for a real-time analytics dashboard processing 1000 requests per second, I would recommend a hybrid indexing strategy combining B-tree and hash indexes. For numerical columns like timestamp or request IDs, I'd use B-trees with a high cardinality factor to enable efficient range queries (e.g., aggregations). For categorical columns like user ID or product category, I'd employ hash indexes with a good distribution of values to facilitate fast lookups.

By leveraging this combination, we can reduce query latency by up to 20-25% through optimized indexing and caching. However, the trade-off is that B-tree indexes may be more complex to maintain and require more storage space. Additionally, hash indexes might not perform well on large categorical datasets, which could impact query performance.",llama3.2:latest,2026-05-08T16:20:21.970166,304,829,49,124,9
data_scientist_hr_easy_0009,Data Scientist,HR,easy,"Can you describe a time when you had to communicate complex technical concepts to a non-technical team member or stakeholder, and how did you approach that situation?","In my previous role as a Senior Data Scientist, I was working on a project to implement a predictive model for customer churn prediction. A key stakeholder, our business development manager, needed an update on the model's performance, but didn't have a technical background.

I approached this situation by first breaking down the complex technical concepts into simple, easy-to-understand language. I used analogies and visual aids to explain how machine learning models work, such as comparing feature engineering to data preprocessing in a manufacturing process. Next, I created a clear and concise report outlining the model's performance metrics and key findings. Finally, I scheduled a meeting to discuss the results with the stakeholder, providing actionable insights that aligned with their business goals.

By taking this approach, I effectively communicated the technical concepts to the non-technical stakeholder, enabling them to understand the value of the predictive model and make informed decisions about our product development.",llama3.2:latest,2026-05-08T16:22:51.452770,166,1046,27,154,8
data_scientist_hr_easy_0010,Data Scientist,HR,easy,"Can you tell me about a project where you had to work with a cross-functional team to deliver a data-driven outcome, and how you handled any conflicts that arose during the process?","In my previous role as a Data Scientist at a retail company, I led a project to analyze customer purchasing behavior and implement a targeted loyalty program. The task was to integrate data from various sources, including CRM systems, website analytics, and social media, into a single platform that would provide actionable insights for marketing campaigns. As the team grew, conflicts arose between stakeholders with differing priorities and data interpretation methods. I facilitated open communication among team members by establishing clear goals and objectives, ensuring everyone was aligned on the project's scope. By empowering individual contributors to take ownership of specific tasks, we were able to overcome challenges and deliver a robust platform that drove significant sales growth and customer retention improvements within six months.",llama3.2:latest,2026-05-08T16:23:27.024745,181,854,32,125,6
data_scientist_hr_medium_0011,Data Scientist,HR,medium,"Can you describe a situation where you had to communicate complex technical insights to a non-technical stakeholder, such as a business leader or product manager, and how you ensured that your explanation was clear and actionable?","In my previous role, I worked with a product manager to analyze customer churn patterns. The task was to explain our findings in a way that would inform data-driven product decisions without overwhelming her with technical jargon. To ensure clarity, I focused on highlighting key insights and using visualizations to illustrate the trends. I also broke down complex concepts into actionable recommendations, such as identifying high-risk segments and suggesting targeted marketing campaigns. By doing so, we were able to gain buy-in for a data-driven approach and ultimately drove a 25% reduction in churn rates within six months.",llama3.2:latest,2026-05-08T16:23:56.853374,230,630,36,97,6
data_scientist_hr_medium_0012,Data Scientist,HR,medium,"Can you walk me through a time when you had to integrate a new data pipeline into an existing team, and how you navigated potential conflicts between stakeholders who had differing opinions on the best approach for implementation?","In my previous role as a Senior Data Scientist at a large retail company, I was tasked with integrating a new data pipeline to support our analytics team's reporting needs. The existing team had been using an outdated system for several years and were resistant to change. As I worked with the stakeholders to understand their pain points and concerns, it became clear that there were differing opinions on the best approach for implementation - some preferred to stick with the familiar but slow system, while others wanted a more modern, cloud-based solution.

To navigate these conflicts, I took a collaborative approach by hosting joint meetings with the team members who had differing views, actively listening to their concerns and validating their experiences. I also worked closely with our product owner to ensure that the new pipeline aligns with the company's overall strategy, and provided regular updates on my progress, which helped build trust and confidence in the new system.

Ultimately, we successfully implemented the new data pipeline, which resulted in a 30% reduction in reporting latency and a significant improvement in data quality, ultimately leading to more informed business decisions.",llama3.2:latest,2026-05-08T16:24:39.673240,230,1214,38,191,7
data_scientist_hr_hard_0013,Data Scientist,HR,hard,"When leading a data science project with a multidisciplinary team, how would you handle a situation where a domain expert from a different department has fundamentally conflicting views on the model's interpretability versus accuracy, while also navigating stakeholder expectations for rapid deployment?","In a situation where a domain expert from a different department had fundamentally conflicting views on the model's interpretability versus accuracy, I employed active listening to understand their concerns and values. The task was to balance these competing priorities with stakeholder expectations for rapid deployment. To achieve this, I facilitated an open discussion with the team to clarify the objectives of the project and the key performance indicators (KPIs) that would be used to measure success. I worked closely with the domain expert to develop a set of criteria that prioritized both interpretability and accuracy, while also addressing stakeholder expectations for timely deployment. By doing so, we were able to achieve a model that met both the technical requirements and the business needs, resulting in a 25% increase in stakeholder satisfaction and a 15% improvement in model performance.",llama3.2:latest,2026-05-08T16:25:18.207900,303,909,42,138,6
data_scientist_hr_hard_0014,Data Scientist,HR,hard,"Can you describe how you navigated a situation where your recommendation to introduce ensemble methods in a predictive modeling project was met with resistance from stakeholders who prioritized interpretability over potential performance gains, and what changes you made to your approach as a result?","In a predictive modeling project, I faced resistance from stakeholders who prioritized interpretability over potential performance gains. The task was to convince them that ensemble methods could provide both improved accuracy and model explainability. To address their concerns, I conducted an analysis of the existing models and proposed modifications that would enable us to retain some level of interpretability while still leveraging ensemble methods. This included incorporating feature importance scores into our model and using techniques like SHAP values to provide insights into model decisions. By adapting my approach to balance performance and interpretability, we were able to demonstrate tangible benefits and win over the stakeholders.",llama3.2:latest,2026-05-08T16:25:54.421845,300,751,44,106,6
data_scientist_technical_easy_0015,Data Scientist,Technical,easy,What is the difference between overfitting and underfitting in machine learning models when trying to predict house prices based on features such as number of bedrooms and square footage?,"When predicting house prices based on features like number of bedrooms and square footage, overfitting occurs when a model is too complex, capturing noise in the training data that doesn't translate to real-world predictions, resulting in poor performance on unseen data. Underfitting happens when a model is too simple, failing to capture important patterns in the data, leading to subpar predictions.

For example, consider a linear regression model with just one feature - square footage. This would likely result in underfitting since it wouldn't be able to account for the relationship between bedrooms and price. On the other hand, a model that includes both features and interactions could overfit if not regularized properly, as it might fit the noise rather than the underlying trends.

Trade-offs exist: too simple may lead to bias (underfitting), while too complex may result in variance (overfitting). Regularization techniques like L1/L2 regularization or dropout can be employed to mitigate these risks.",llama3.2:latest,2026-05-08T16:26:35.159826,187,1017,29,155,8
data_scientist_technical_easy_0016,Data Scientist,Technical,easy,"Given a dataset of user activity logs, what statistical measure can you use to determine if the average response time for users accessing your website has changed significantly after implementing a new feature?","To determine if the average response time for users accessing my website has changed significantly after implementing a new feature, I would use the Wilcoxon Signed-Rank Test. This non-parametric test is suitable for comparing paired data and can handle outliers, making it an ideal choice for analyzing user activity logs with varying response times. Additionally, since we're interested in detecting changes (or lack thereof), I would consider using a significance threshold of 0.05 or lower to ensure that any observed difference is statistically significant. A trade-off is that this test assumes equal variances between groups, so if the variance differs significantly, alternative tests like the t-test may be more appropriate.",llama3.2:latest,2026-05-08T16:27:09.660769,210,733,33,110,6
data_scientist_technical_medium_0017,Data Scientist,Technical,medium,"Can you walk me through the steps to implement a distributed processing approach using Apache Spark for training a logistic regression model on a large-scale dataset of customer churn predictions, including handling imbalanced data and hyperparameter tuning?","To implement a distributed processing approach using Apache Spark for training a logistic regression model on a large-scale dataset of customer churn predictions, I would follow these steps:

Situation: The dataset is extremely large and unbalanced, with features such as age, tenure, balance, and recent transactions, which require careful preprocessing to handle class imbalance.

Task: Preprocess the data by encoding categorical variables, handling missing values, and scaling/normalizing numerical features using techniques like PCA or L1/L2 regularization. Next, split the dataset into training and validation sets (e.g., 80% for training and 20% for validation).

Action: Utilize Apache Spark's built-in data preprocessing tools, such as `pandas` and `MLlib`, to preprocess the data in parallel. For imbalanced data handling, use techniques like SMOTE (Synthetic Minority Over-sampling Technique) or undersampling the majority class. Then, tune hyperparameters using Bayesian optimization methods integrated with Apache Spark's `TuneGrid`.

Result: After tuning the hyperparameters, deploy the trained model to a distributed environment for inference and monitoring its performance on the validation set. To handle trade-offs, balance model complexity against interpretability and ensure that the solution scales to accommodate growing dataset sizes while maintaining acceptable computational resources.",llama3.2:latest,2026-05-08T16:27:56.669714,258,1410,37,188,11
data_scientist_technical_medium_0018,Data Scientist,Technical,medium,"How would you evaluate the performance of a machine learning model trained on an imbalanced dataset, such as customer churn prediction, and provide actionable recommendations for feature engineering and sampling strategies to improve the model's accuracy in identifying high-value customers while minimizing false positives?","To evaluate the performance of a machine learning model trained on an imbalanced dataset, I would use metrics such as precision, recall, and F1-score to understand its accuracy in identifying high-value customers. A common approach is to use techniques like class weighting, oversampling the minority class, or undersampling the majority class to balance the dataset. Alternatively, I would consider using ensemble methods that combine multiple models trained on different subsets of the data. For feature engineering, I would prioritize extracting relevant features that can help mitigate class imbalance, such as calculating the ratio of churned to retained customers for each feature. Sampling strategies like SMOTE (Synthetic Minority Over-sampling Technique) or border balance sampling could also be employed to augment the minority class while maintaining data quality.",llama3.2:latest,2026-05-08T16:28:36.467210,324,875,44,126,6
data_scientist_technical_hard_0019,Data Scientist,Technical,hard,"Design a recommender system that can handle cold-start users (new users without purchase history) using Matrix Factorization with Collaborative Filtering. How would you modify the existing algorithm to account for the imbalance between new and existing user data, and what metrics would you use to evaluate its performance in this scenario?","To design a recommender system that handles cold-start users using Matrix Factorization with Collaborative Filtering, I would employ a hybrid approach combining traditional CF and content-based filtering. To address the imbalance between new and existing user data, I would use techniques such as:

* Weighted loss functions to favor existing users' ratings
* Temporal filtering to remove very old ratings that may be less relevant for cold-start users
* Hybrid matrix factorization with both explicit and implicit feedback

I would evaluate the performance of this modified algorithm using metrics such as precision, recall, F1-score, mean squared error (MSE), and root mean squared percentage error (RMSPE) to capture both accuracy and diversity. By incorporating these techniques, I can ensure a more balanced and robust recommender system that effectively handles cold-start users.",llama3.2:latest,2026-05-08T16:30:01.125767,340,885,51,130,4
machine_learning_engineer_hr_easy_0020,Machine Learning Engineer,HR,easy,"Can you describe a situation where you had to communicate complex technical ideas to a non-technical team member or stakeholder, and how you adapted your communication approach to ensure the message was understood?","In a project where we implemented a new recommendation system for e-commerce products, I had to explain the underlying machine learning algorithms to a product manager who wasn't familiar with technical details. The task was to ensure she understood how the model worked and its implications on user behavior. I used analogies like comparing the algorithm to a personalized librarian that suggests relevant books based on users' interests. By using visual aids, such as flowcharts, and breaking down complex concepts into smaller, manageable chunks, I effectively communicated the technical ideas, which resulted in increased buy-in from the product manager and ultimately led to more effective product recommendations for our customers.",llama3.2:latest,2026-05-08T16:30:35.068972,214,737,33,110,5
machine_learning_engineer_hr_easy_0021,Machine Learning Engineer,HR,easy,"Can you tell me about a time when you had to collaborate with a cross-functional team on a machine learning project and handle a disagreement between yourself and another team member, how did you resolve it?","In my previous role, I worked on a project to implement a predictive maintenance model for industrial equipment using machine learning. My task was to develop and deploy the model, while our data scientist, Rachel, had designed the initial algorithm. During a team meeting, we disagreed on the best approach to feature engineering, with me advocating for a more traditional approach and Rachel pushing for a novel method she had developed.

To resolve the issue, I listened attentively to Rachel's perspective and acknowledged her expertise in the field. I suggested we form a joint task force to evaluate both approaches, which led to a collaborative discussion that incorporated elements of both methods. Ultimately, we settled on a hybrid approach that balanced efficiency with accuracy, resulting in a 20% improvement in model performance. This experience taught me the value of active listening and open communication in resolving conflicts and achieving better outcomes for our project.",llama3.2:latest,2026-05-08T16:31:18.462334,207,992,36,154,8
machine_learning_engineer_hr_medium_0022,Machine Learning Engineer,HR,medium,"Can you describe a situation where you had to collaborate with a cross-functional team, including stakeholders from business operations and product management, to deploy a machine learning model into production? How did you handle any disagreements or concerns that arose during the process?","In my previous role at a leading fintech company, I led the deployment of a predictive maintenance model for critical infrastructure equipment. The task was to collaborate with stakeholders from business operations and product management to ensure successful model deployment and integration into existing processes.

I worked closely with the product manager to define clear project goals and key performance indicators, ensuring that all team members understood how their inputs would impact the overall success of the project. During the deployment process, I encountered disagreements between technical and operational stakeholders regarding data quality and model interpretability concerns. To resolve these issues, I facilitated regular workshops and maintained open communication channels with both groups, actively listening to their needs and providing clear explanations of technical concepts.

By doing so, we were able to identify potential solutions and make data-driven decisions that addressed the concerns of all parties involved. The final deployment was successful, resulting in significant cost savings and improved equipment reliability for our clients.",llama3.2:latest,2026-05-08T16:32:02.783624,291,1173,43,164,8
machine_learning_engineer_hr_medium_0023,Machine Learning Engineer,HR,medium,"Can you share an instance where you successfully implemented a data-driven decision in a previous project, only to have it reverse-engineered by competitors within months of its deployment, and how you adapted your approach to maintain the competitive advantage?","In my previous role at a leading e-commerce company, I implemented a recommendation system using collaborative filtering to suggest products to customers based on their browsing and purchasing history. The task was to increase average order value by 15% within six months of deployment.

I gathered user feedback through A/B testing, identifying that users preferred more personalized recommendations over generic suggestions. To adapt my approach, I incorporated natural language processing (NLP) techniques to better understand customer intent behind their search queries and browsing behavior. By doing so, the recommendation system's accuracy increased by 20%, leading to a 12% increase in average order value within six months of deployment.",llama3.2:latest,2026-05-08T16:32:42.009328,262,746,39,108,6
machine_learning_engineer_hr_hard_0024,Machine Learning Engineer,HR,hard,"Can you describe a situation where you had to balance competing priorities in a team project, and how you navigated the tension between technical expertise and stakeholder expectations, ultimately delivering results that met both the business goals and the team's ability to deliver?","In a team project to develop an AI-powered chatbot for a major e-commerce client, I noticed that our technical lead wanted to implement a complex natural language processing algorithm to achieve high accuracy rates, while the business stakeholders were pushing for a faster deployment timeline and lower costs. The tension arose when the stakeholders expressed concerns that the technical lead's approach would exceed the allocated budget and time frame, which would impact the project's ROI.

To balance competing priorities, I took the task of facilitating an open communication channel between the stakeholders and the technical team. I helped to identify key performance indicators (KPIs) that would measure the chatbot's effectiveness while also considering the stakeholders' concerns about cost and timeline. Through iterative discussions and workshops, we were able to find a middle ground – implementing a more efficient algorithm that still met our accuracy goals, but with a phased implementation approach that allowed for adjustments as needed.

Ultimately, we delivered results that not only met the business goals (e.g., increased sales conversions) but also respected the team's technical capabilities. By successfully navigating this tension between stakeholder expectations and technical expertise, we were able to deliver a successful project that exceeded expectations on both fronts.",llama3.2:latest,2026-05-08T16:33:30.954089,283,1402,43,204,10
machine_learning_engineer_hr_hard_0025,Machine Learning Engineer,HR,hard,"How do you approach conflicts with cross-functional teams involving engineers and product managers when implementing complex machine learning solutions, prioritizing communication over domain-specific jargon and technical nuances in order to ensure successful outcomes for both the engineering and product organizations?","In my experience, conflicts with cross-functional teams can arise when engineers and product managers have different priorities or interpretations of requirements. When implementing complex machine learning solutions, I approach these conflicts by first ensuring that everyone is on the same page through clear and concise communication, avoiding technical jargon and focusing on the business problem we're trying to solve. For instance, during a project where an ML engineer had differing views with a product manager on model interpretability, I suggested a joint meeting to discuss the requirements in non-technical terms, leading to a mutual understanding of the importance of transparency in our model's decision-making process. By prioritizing communication and collaboration, we were able to find a balance that met both the engineering and product teams' needs, resulting in a more successful outcome for the organization.",llama3.2:latest,2026-05-08T16:34:10.881968,320,930,40,135,5
frontend_developer_hr_easy_0026,Frontend Developer,HR,easy,Can you tell me about a time when you had to work with a colleague who had a different coding style or approach? How did you handle the situation and ensure that your final product met our team's standards?,"In a previous project, I was working with a colleague who had a very functional programming approach, whereas my preference was for object-oriented programming. Initially, there were some disagreements on how to structure our codebase, but I took the task of resolving this by suggesting we hold a joint coding session where we'd work through an example together and discuss our differences openly. Through open communication, we found common ground, and I proposed a hybrid approach that balanced both paradigms for better maintainability. This compromise resulted in a cleaner, more scalable codebase that met the team's standards and improved collaboration between us.",llama3.2:latest,2026-05-08T16:39:23.216991,206,671,39,102,5
frontend_developer_hr_easy_0027,Frontend Developer,HR,easy,"Can you describe a situation where you worked on a project with an aggressive deadline, how did you prioritize tasks and maintain open communication with your team to deliver high-quality results?","In a previous project, our team was tasked with developing a new e-commerce platform for a prominent client within a tight six-week deadline. The aggressive timeline required us to prioritize tasks and allocate resources efficiently. To manage the workload, we established clear goals and objectives for each task, focusing on high-impact deliverables first. Regular team meetings ensured open communication, allowing us to identify and address potential roadblocks early. By maintaining transparency and setting realistic expectations, we were able to deliver a high-quality platform that exceeded our client's expectations, while also ensuring timely completion of the project.",llama3.2:latest,2026-05-08T16:39:55.858330,196,679,31,96,6
frontend_developer_hr_medium_0028,Frontend Developer,HR,medium,"Can you describe a situation where you had to work with a designer who had significantly different design choices from your own, and how did you handle the disagreement in order to deliver the project successfully?","In a recent project, I was assigned to work with a designer who had a distinct style that diverged from my own approach. The task at hand was to create an e-commerce website, and we had differing opinions on the layout and visual elements. To resolve the disagreement, I took the time to understand the designer's vision and communicated my own concerns in a constructive manner. We collaborated to find common ground, compromising on some aspects while still incorporating both of our perspectives. Ultimately, our collaboration resulted in a visually appealing and functional website that met the client's expectations, showcasing the value of open communication and flexibility during the design process.",llama3.2:latest,2026-05-08T16:40:27.484396,214,707,36,111,6
frontend_developer_hr_medium_0029,Frontend Developer,HR,medium,"Can you share an instance where you had to prioritize and manage competing technical requirements between multiple stakeholders, while also maintaining open communication to ensure a successful project outcome?","In my previous role as a lead frontend developer at a mid-sized agency, we were working on a high-profile e-commerce platform project for a prominent client. The project involved integrating multiple third-party APIs, implementing custom payment gateways, and ensuring seamless user experience across various devices. I was tasked with coordinating the technical requirements between the UX/UI designer, DevOps engineer, product manager, and internal stakeholders.

I employed active listening to gather each stakeholder's needs, prioritizing tasks based on project deadlines and business objectives. By establishing clear communication channels through regular stand-ups, sprint reviews, and bi-weekly project meetings, I ensured everyone was aligned with the technical roadmap. This proactive approach allowed me to manage competing requirements, allocate resources efficiently, and deliver a successful project outcome that met both the client's expectations and our agency's standards.

Through this experience, I learned that effective stakeholder management is crucial in balancing competing technical requirements, and maintaining open communication throughout the project lifecycle is essential for achieving successful outcomes.",llama3.2:latest,2026-05-08T16:41:10.804017,210,1237,29,163,8
frontend_developer_hr_hard_0030,Frontend Developer,HR,hard,"Can you describe a situation where you had to refactor a large codebase with conflicting technical debt, and how you navigated a multi-stakeholder team to achieve consensus on a solution that balanced competing priorities and competing business demands?","In a recent project, our team was tasked with upgrading an e-commerce platform that had been built over several years using various technologies. The codebase was massive, with over 100,000 lines of code, and we quickly realized that many components were outdated, inefficient, and plagued by technical debt.

The task was to refactor the entire codebase without disrupting the business operations, which meant aligning competing priorities from different stakeholders, including the product owner, development team, and IT department. I took the lead in facilitating a multi-stakeholder discussion to understand their concerns and requirements, using techniques like workshops, surveys, and one-on-one meetings.

Through active listening and empathetic understanding, we were able to identify areas of consensus on modernization standards, security features, and performance optimization. We then proposed a phased approach that addressed these priorities while minimizing disruption. The solution involved breaking down the refactor into smaller, manageable chunks, prioritizing critical components, and implementing automated testing and continuous integration/delivery pipelines.

The result was a refactored codebase with improved maintainability, scalability, and security, which met the business demands while adhering to technical best practices. By balancing competing priorities and engaging stakeholders throughout the process, we achieved consensus on a solution that delivered long-term value to our organization.",llama3.2:latest,2026-05-08T16:41:58.676815,253,1526,38,204,10
frontend_developer_hr_hard_0031,Frontend Developer,HR,hard,"Can you walk me through the thought process behind your decision when one of your team members repeatedly clashed with a designer who had significantly different opinions on the visual style for an upcoming project, how did you handle the tension, and what ultimately led to the successful delivery of the project despite their differing perspectives?","In a recent project, our team's designer and I had differing opinions on the visual style, which led to frequent clashes. As the team lead, my task was to manage these tensions while ensuring the project's success. I took action by establishing clear communication channels, facilitating open discussions between both parties, and encouraging them to share their design rationale. Through this approach, we were able to find common ground, and the designer ultimately incorporated key elements of my proposed visual style into their design. Ultimately, our collaboration resulted in a visually appealing and cohesive final product that met both stakeholders' expectations, despite the initial differences in opinion.",llama3.2:latest,2026-05-08T16:42:37.853715,351,716,56,107,6
frontend_developer_technical_easy_0032,Frontend Developer,Technical,easy,"Write a function that takes an HTML string as input, extracts all paragraph text, removes HTML tags, and returns the result as a string. Can you implement this in JavaScript?","To solve this problem, we can use JavaScript's built-in DOM manipulation features and regex to remove HTML tags from paragraph text. We'll create a function that takes an HTML string as input, parses it using the DOMParser API, extracts all paragraph elements, removes their contents of any HTML tags, and returns the resulting string.

```javascript
function extractParagraphText(htmlString) {
  const parser = new DOMParser();
  const doc = parser.parseFromString(htmlString, 'text/html');
  const paragraphs = doc.querySelectorAll('p');

  return Array.from(paragraphs).map(p => p.textContent.replace(/<[^>]*>/g, '')).join('\n');
}
```

This function is concise and efficient. It uses the `DOMParser` API to parse the HTML string into a DOM document, which allows us to easily navigate its elements. The `querySelectorAll('p')` method retrieves all paragraph elements in the document. We then use the `map()` method to remove any HTML tags from the text content of each paragraph using a regex replacement.",llama3.2:latest,2026-05-08T16:43:19.497989,174,1009,30,139,14
frontend_developer_technical_easy_0033,Frontend Developer,Technical,easy,"Can you explain the difference between `const` and `let` in JavaScript, and provide an example of when you would use each?","When differentiating between `const` and `let`, it's essential to understand their scope and reassignment capabilities. 

`const` declares a variable that can't be reassigned once its value is set, which makes it suitable for immutable values or constants in the codebase. On the other hand, `let` allows reassignment of its declared value after initial assignment.

For instance, using `const` ensures data integrity by preventing accidental changes to a constant value: 

```javascript
const PI = 3.14;
PI += 0; // Error: Assignment to constant variable.
```

In contrast, `let` is ideal for variables that require reassignment during execution:

```javascript
let scores = [90, 85];
scores.push(95); // Assign new values
console.log(scores); // Output: [90, 85, 95]
```

Trade-offs exist between the two. Using `const` can make code more predictable and easier to reason about, but it might limit flexibility if a constant value needs reassignment later in development. Conversely, using `let` provides greater flexibility but may introduce bugs if not handled carefully.

This distinction is crucial for efficient and maintainable code organization.",llama3.2:latest,2026-05-08T16:44:06.463296,122,1153,21,169,12
frontend_developer_technical_medium_0034,Frontend Developer,Technical,medium,"Write a function that takes an array of strings as input and returns a new array with the same strings, but each string is converted to uppercase using JavaScript's String.prototype.toUpperCase method. The catch: the original case of the letters should be preserved when possible, i.e., uppercase letters should remain in uppercase and lowercase letters should remain in lowercase. How would you implement this function?","To solve this problem efficiently while preserving the original case of letters when possible, we can utilize JavaScript's String.prototype.toUpperCase method in conjunction with a simple filtering approach. Here is an example implementation:

```javascript
function convertToUppercase(strArray) {
  return strArray.map(s => s === s.toUpperCase() ? s : s.toUpperCase());
}
```

This function works by mapping over each string in the input array, and for each string, it checks if the original string matches its uppercase version using the `===` operator. If they match, it means all letters were originally lowercase (or a mix of uppercase and lowercase but preserved), so it returns the original string; otherwise, it converts the string to uppercase.

This approach has a time complexity of O(n*m) where n is the number of strings in the array, and m is the average length of each string. The space complexity is also O(n*m) because we create a new array with all converted strings.

In terms of trade-offs, this solution prioritizes readability over potential performance optimizations that might involve using more complex algorithms or data structures to handle edge cases.",llama3.2:latest,2026-05-08T16:45:37.537188,420,1179,64,179,13
backend_developer_hr_easy_0035,Backend Developer,HR,easy,Can you describe a situation where you had to explain technical concepts to a non-technical team member or customer? How did you handle any questions or concerns they may have had about the technology or its implementation?,"In my previous role, I had to explain a new e-commerce feature to our marketing team. The task was to effectively communicate the technical aspects of the implementation without overwhelming them with too much detail. I decided to use analogies and real-world examples to simplify complex concepts such as data caching and load balancing. During the discussion, they asked questions about scalability and potential downtime risks. To address their concerns, I provided trade-off analyses, explaining that while there were some risks, we had implemented robust redundancy measures to minimize impact on user experience. The team was able to understand and appreciate the technical aspects of the feature.",llama3.2:latest,2026-05-08T16:47:41.972132,223,703,37,107,7
backend_developer_hr_easy_0036,Backend Developer,HR,easy,"Can you tell me about a time when you had to communicate a change to your codebase that affected other developers' work, how did you handle any pushback or disagreements with your team members on implementing the change?","In my previous role as a senior backend developer, I was tasked with implementing a new caching mechanism to improve our application's performance. This change would require refactoring existing codebases and potentially breaking some of our internal APIs. To communicate this change effectively, I scheduled a team meeting to discuss the proposal in detail, addressing concerns and providing concrete examples of how the cache layer would benefit the overall project.

Some team members expressed skepticism about introducing additional complexity, but through active listening and open discussion, we were able to identify and mitigate potential risks. By emphasizing our understanding of the trade-offs involved – increased development time upfront for performance gains in the long run – and demonstrating clear design decisions, I was able to win over majority support for the change.

Following the implementation, our application's performance saw a noticeable 30% improvement, while internal API stability remained intact. This successful outcome validated my communication strategy and reinforced the value of transparent planning for complex technical changes.",llama3.2:latest,2026-05-08T16:48:25.950707,220,1170,38,167,8
backend_developer_hr_medium_0037,Backend Developer,HR,medium,"Can you describe a situation where you had to collaborate with a cross-functional team to resolve an issues impacting the performance of your backend application, and how did you handle any potential conflicts or disagreements that arose?","In my previous role as a Backend Developer, I was tasked with collaborating with a cross-functional team to resolve performance issues in our E-commerce application. The issue was caused by an inefficient database query that was impacting user experience and revenue growth. As the team lead for the project, I facilitated bi-weekly meetings to discuss progress, share knowledge, and identify areas for improvement. When disagreements arose between stakeholders, I employed active listening skills to understand their concerns and proposed trade-offs such as caching layers or re-architecting our database schema. Through open communication and a collaborative approach, we were able to resolve the issue within two weeks, resulting in a 30% reduction in query latency and a 25% increase in sales.",llama3.2:latest,2026-05-08T16:48:59.553881,238,797,37,120,6
backend_developer_hr_medium_0038,Backend Developer,HR,medium,"Can you tell me about a time when you had to escalate a technical issue or bug in your codebase to a colleague or manager outside of your immediate team, and how you navigated their response or feedback to ensure the resolution met both your team's goals and the organization's overall priorities?","In my previous role as a Senior Backend Developer at a rapidly growing e-commerce company, I encountered a critical issue with our payment gateway integration. The task was to identify and resolve a recurring error that resulted in failed transactions, affecting customer trust and sales.

I escalated the issue to our lead engineer, who initially disagreed with my initial assessment, suggesting a different approach. To navigate this response, I took the time to explain the technical details of the issue and provide concrete evidence from our production logs. The lead engineer eventually acknowledged my findings and we collaborated on implementing a new retry mechanism for the payment gateway API.

Through this experience, I learned the importance of effective communication in resolving complex technical issues, particularly when working with teams outside of my immediate group. By taking ownership of the issue, presenting data-driven insights, and being open to feedback, I was able to ensure the resolution not only met our team's goals but also aligned with the organization's overall priorities for improving customer satisfaction.",llama3.2:latest,2026-05-08T16:49:45.273568,297,1147,52,173,8
backend_developer_hr_hard_0039,Backend Developer,HR,hard,"When leading a team on a high-profile backend project, you encounter a senior developer who has been implementing an architectural approach that significantly diverges from your organization's established technical standards. How would you navigate the situation to ensure the project stays on track while maintaining open lines of communication with the team member?","In a situation where a senior developer was implementing an architectural approach divergent from our organization's standards, I employed active listening to understand their reasoning and motivations. I assigned a Task to have a collaborative discussion with the team member to gather insights on the chosen design, its strengths, and potential trade-offs. Through Open Communication, I ensured that both the developer and the rest of the team felt heard and valued, providing an opportunity for feedback and iteration. By doing so, we were able to identify areas of alignment and divergent thinking, leading to a revised approach that balanced individual expertise with organizational standards. Ultimately, this resulted in a more cohesive and maintainable solution.",llama3.2:latest,2026-05-08T16:50:21.071617,367,770,53,114,6
backend_developer_hr_hard_0040,Backend Developer,HR,hard,"How do you handle a scenario where you're tasked by your manager to refactor a critical section of code written by another senior developer, whose approach is rooted in a now-discredited technology stack that was adopted before your time at the company, and who becomes resistant to change, while also maintaining the trust and respect for their expertise?","In a situation where I was tasked with refactoring a critical section of code written by another senior developer using a now-discredited technology stack, my task was to improve maintainability and scalability while respecting their expertise. To address this, I first understood the technical debt and the reasons behind the existing architecture, which helped me communicate effectively with my team and manager. Next, I proposed a phased approach with a proof-of-concept implementation, allowing the original developer to contribute to the effort and validate the new design before full-scale refactoring. This collaborative approach ensured buy-in from both stakeholders while minimizing disruption to the production environment. By focusing on incremental progress rather than all-at-once transformation, we successfully modernized the codebase without compromising its integrity or causing unnecessary stress for the original developer, resulting in improved system performance and reduced technical debt.",llama3.2:latest,2026-05-08T16:51:05.443469,356,1012,58,139,6
backend_developer_technical_easy_0041,Backend Developer,Technical,easy,"What is the purpose of error handling in an API request when a user submits invalid data, and how would you implement this using a simple example?","When handling invalid data in an API request, error handling is crucial to provide a user-friendly experience while maintaining the integrity of the application. In a typical scenario, I'd implement error handling by utilizing try-catch blocks and providing clear, descriptive error messages to the user. For instance, if a user submits invalid email addresses, I'd catch the exception, log the error, and return a response with an HTTP status code indicating a validation error, such as 400 Bad Request, along with a message explaining the issue. This approach allows for scalability, flexibility, and maintainability, while also ensuring that sensitive data remains protected. Additionally, logging the error helps in debugging and improving the overall robustness of the API.",llama3.2:latest,2026-05-08T16:51:37.632879,146,778,27,117,6
backend_developer_technical_hard_0042,Backend Developer,Technical,hard,"Design a caching layer for a real-time analytics application that handles 10 million concurrent users. The cache must store query results for at least 30 minutes, provide a minimum of 99.9% uptime, and have a maximum response time of 500ms under average load conditions. What database indexing strategy would you recommend to optimize the cache's performance, considering data skewness from popular features?","For a real-time analytics application handling 10 million concurrent users, I would design a caching layer utilizing Redis as the primary cache store due to its high performance, scalability, and reliability. To optimize data storage, I would implement a combination of Hash, Range, and Geospatial indexing strategies on the cache keys and values. This would enable efficient retrieval and expiration of cached data, while also accommodating data skewness from popular features. By leveraging Redis's built-in pub/sub messaging system for real-time event notification, we can maintain a maximum response time of 500ms under average load conditions while achieving a minimum uptime of 99.9%. Additionally, implementing a least-recently-used (LRU) eviction policy would help minimize cache data skewness and optimize storage efficiency.",llama3.2:latest,2026-05-08T16:54:43.606587,408,834,62,119,7
devops_engineer_hr_easy_0043,DevOps Engineer,HR,easy,Can you describe a time when you had to work with a team member who had a different approach or method to solving a problem? How did you handle the situation and what was the outcome?,"In my previous role, I was working with a team member who had a more agile approach to DevOps, whereas I was coming from a more traditional waterfall mindset. During a critical deployment, our team member suggested using a newer toolset that wasn't fully integrated into our existing infrastructure. Initially, I was hesitant due to the additional complexity and potential risk, but after discussing the trade-offs with my team member, we decided to give it a try.

We worked together to assess the risks and benefits, documenting our decisions for future reference. By collaborating and finding common ground, we were able to successfully deploy the new toolset without major issues. The outcome was that we gained valuable experience working with new technologies and improved our overall efficiency and reliability in the process.",llama3.2:latest,2026-05-08T16:56:36.464894,183,833,36,132,7
devops_engineer_hr_easy_0044,DevOps Engineer,HR,easy,"Can you tell me about a project where you had to collaborate with a cross-functional team to deploy a new feature, and how you ensured that your contributions were valued and integrated into the final product?","In a previous role, our team was tasked with deploying a new e-commerce feature that required collaboration with cross-functional teams including product management, QA, and marketing. My task was to ensure seamless deployment of the feature while maintaining high availability of our existing infrastructure. I led an initiative to establish clear communication channels among the teams through regular meetings and agile project planning. I also implemented automated testing scripts and provided detailed documentation for each step of the deployment process. As a result, we successfully deployed the new feature within the agreed timeline, with minimal downtime and positive customer feedback. The project was recognized as a success story across the organization, highlighting the value of our collaborative approach to DevOps.",llama3.2:latest,2026-05-08T16:57:11.608804,209,833,36,120,7
devops_engineer_hr_medium_0045,DevOps Engineer,HR,medium,"Can you describe a time when you had to collaborate with a cross-functional team on a complex infrastructure project, and how did you handle any conflicts or disagreements that arose during the implementation process?","In a recent project, I was part of a cross-functional team tasked with migrating a large-scale e-commerce platform to a cloud-native infrastructure. The task required collaboration with developers, QA engineers, network architects, and operations teams to ensure seamless deployment and migration. As the lead DevOps engineer, my role involved facilitating open communication, defining technical roadmaps, and establishing project timelines. However, during the implementation process, disagreements arose between the development team and the security team regarding data encryption protocols. I addressed these concerns by facilitating a joint discussion with both teams to align on industry best practices, involving stakeholders from both sides to ensure everyone was informed and aligned. By doing so, we were able to find a middle ground that met both technical requirements and security standards, ultimately resulting in a successful deployment within the planned timeline.",llama3.2:latest,2026-05-08T16:57:50.163947,217,980,34,137,7
devops_engineer_hr_medium_0046,DevOps Engineer,HR,medium,"Can you walk me through a situation where you had to prioritize competing demands from different stakeholders in your previous role, such as IT operations teams, developers, and management, while also ensuring the stability and security of our company's production environment?","In my previous role as a DevOps Engineer, I was responsible for managing a critical production environment that served millions of users. A situation arose where our IT operations team, development team, and management were all vying for attention, with competing demands on my time and resources. The task was to prioritize these demands while maintaining the stability and security of our production environment. I took an agile approach, assigning a clear timeline for each stakeholder's request, ensuring that critical infrastructure updates and security patches received top priority. By doing so, we were able to meet the immediate needs of management while also delivering timely and secure updates to developers, ultimately resulting in minimal downtime and zero security breaches.",llama3.2:latest,2026-05-08T16:58:26.575778,277,789,41,119,6
devops_engineer_hr_hard_0047,DevOps Engineer,HR,hard,"As you've navigated the transition from a traditional DevOps role to a leadership position in our organization, how have you addressed conflicts between your team's need for operational autonomy and the requirements of our rapidly expanding cloud-based services, where centralized governance is increasingly necessary?","In my previous role as a DevOps Engineer, I was part of a team that operated in an agile environment with high operational autonomy. However, as our organization expanded into cloud-based services, we needed to establish centralized governance to ensure scalability and compliance. To address this conflict, I worked closely with the leadership team to develop a hybrid approach, where we maintained localized decision-making for critical operations while implementing standardized processes for non-critical tasks. This allowed us to balance autonomy with centralized oversight, resulting in increased efficiency and reduced risk. By doing so, we were able to expand our services while maintaining a culture of ownership among our teams.",llama3.2:latest,2026-05-08T16:58:58.276102,318,738,44,109,6
devops_engineer_hr_hard_0048,DevOps Engineer,HR,hard,"Can you describe a situation where you had to balance the competing priorities of meeting tight project deadlines while ensuring that your team's technical expertise was preserved, particularly when faced with conflicting demands from stakeholders who were pushing for 'good enough' solutions versus those who required cutting-edge innovation and risk tolerance?","In a project where we had to deliver a new e-commerce platform within 12 weeks, I faced a challenge where stakeholders were pushing for 'good enough' solutions while others demanded cutting-edge innovation. The task was to balance meeting tight deadlines with preserving our team's technical expertise. To address this, I established an open discussion with the team and stakeholders to understand their priorities and constraints. I then created a compromise roadmap that aligned with business needs, ensuring we could deliver high-quality solutions while adapting to changing stakeholder demands. By allocating dedicated time for innovation and allowing flexibility in our approach, we managed to meet deadlines while maintaining our expertise; ultimately, we delivered a platform that exceeded expectations, with a 25% increase in sales within the first six months of launch.",llama3.2:latest,2026-05-08T16:59:38.409465,362,878,51,130,6
devops_engineer_technical_easy_0049,DevOps Engineer,Technical,easy,"Can you describe the differences between a Git pull request and a code merge, and explain when you would choose to use one over the other in a DevOps workflow?","In a DevOps workflow, Git pull requests and code merges are often used interchangeably, but they serve slightly different purposes. A Git pull request is a way to review and discuss changes before merging them into the main branch, whereas a code merge typically involves integrating changes from one branch into another without explicit review or discussion.

I would choose to use a Git pull request when collaboration and feedback are essential, such as during a feature implementation or hotfix. On the other hand, I would opt for a code merge in scenarios where minimal validation is required, like updating dependencies or small bug fixes with low risk of introducing new issues.

Trade-offs between the two approaches include increased collaboration benefits but also potential delays, versus reduced review time but also increased potential for errors and bugs not caught during review.",llama3.2:latest,2026-05-08T17:00:11.528484,159,894,30,141,6
devops_engineer_technical_easy_0050,DevOps Engineer,Technical,easy,"What is the primary purpose of using Ansible, and how does it differ from other configuration management tools like Puppet or Chef?","When evaluating configuration management tools, I consider Ansible's primary purpose as its simplicity and ease of use. Unlike Puppet or Chef, which require significant upfront planning and infrastructure investments, Ansible is designed to be highly modular and flexible, allowing for rapid deployment of configurations across diverse environments. This makes it an excellent choice for smaller-scale projects, rapid prototyping, and legacy system updates. While Puppet and Chef excel at complex, stateful infrastructure management, Ansible's ad-hoc approach shines in scenarios requiring swift, iterative changes.",llama3.2:latest,2026-05-08T17:00:40.285414,131,615,22,82,5
devops_engineer_technical_medium_0051,DevOps Engineer,Technical,medium,"How would you implement a centralized logging and monitoring system for a microservices-based application using a cloud-native tool like Fluentd or ELK Stack, ensuring compliance with GDPR data retention policies and integrating with existing AWS Lambda functions?","When implementing a centralized logging and monitoring system for a microservices-based application using Fluentd or ELK Stack, I would follow these steps. 

In my previous role as DevOps Engineer at a large-scale e-commerce company, we were moving our applications to the cloud, which necessitated us to find a scalable solution to manage logs effectively. Our primary goal was to ensure that compliance with GDPR data retention policies is maintained while providing an efficient logging mechanism for monitoring and analyzing system performance.

To accomplish this, I chose Fluentd as my log collector and aggregator tool due to its ease of integration with AWS Lambda functions. First, I configured a cloud-based Fluentd instance to collect logs from all the microservices application servers and forward them to our ELK Stack server for processing. Next, I created a custom AWS Lambda function using Node.js that processed these logs according to GDPR data retention policies and implemented alerting mechanisms based on key log events such as errors, warnings, or exceptions. 

The result was a highly scalable logging solution that ensured compliance with GDPR regulations while allowing real-time monitoring of the system's performance.

By employing this strategy, we were able to maintain our existing AWS Lambda functions while also adhering to GDPR data retention policies. However, using ELK Stack could pose significant storage costs if not properly optimized due to the large volume of data being collected from the logs.",llama3.2:latest,2026-05-08T17:01:32.819946,264,1537,37,234,11
devops_engineer_technical_medium_0052,DevOps Engineer,Technical,medium,"What is your approach to implementing Continuous Integration (CI) and Continuous Deployment (CD) pipelines for a containerized monorepo, considering the trade-offs between Docker Hub, private registries like Harbor or Nexus, and local cache mechanisms like docker-compose or docker volumes?","In a previous project, I implemented CI and CD pipelines for a monorepo containerized application. When considering Docker Hub, I weighed the pros of simplicity against the cons of increased visibility and potential security risks. For our use case, I chose to utilize a private registry like Harbor due to its integration with the CI/CD toolchain and better security features. To optimize performance, we employed a local cache mechanism using docker-compose to store frequently used images locally, reducing the need for repeated builds and downloads from the private registry. This approach allowed us to balance security, efficiency, and scalability while also considering trade-offs between private registries like Harbor or Nexus.",llama3.2:latest,2026-05-08T17:02:09.051714,290,736,39,110,6
product_manager_hr_easy_0053,Product Manager,HR,easy,"Can you describe a time when you had to escalate an issue to a team lead or manager? How did you approach the situation, and what was the outcome?","In my previous role as a Product Manager at XYZ Corporation, I encountered an issue with our flagship product's scalability. The task was to identify the root cause of the bottleneck and find a solution within a tight deadline. I escalated the issue to our Engineering Manager, John, by scheduling a meeting to discuss the problem and potential solutions. We collaborated to analyze logs and performance metrics, and I provided input on how the issue impacted our business goals. As a result, we were able to implement a server-side caching mechanism that improved product performance by 30% within two weeks of deployment.",llama3.2:latest,2026-05-08T17:03:55.143875,146,623,29,102,6
product_manager_hr_easy_0054,Product Manager,HR,easy,"Tell me about a project you worked on where you had to collaborate with a cross-functional team, including designers, engineers, and stakeholders, to deliver a successful product launch within a tight timeline. What was your role in the process, and how did you ensure that everyone's needs were met?","In my role as Product Manager on a cloud-based project management tool, our team was tasked with launching a new feature set within an extremely tight 8-week timeline. As the product lead, I was responsible for overseeing the entire launch process and ensuring that all stakeholders were aligned. To accomplish this, I worked closely with our design and engineering teams to define the feature roadmap, and then prioritized features based on business requirements and technical feasibility. I also established regular check-in meetings with key stakeholders, including executives and customer success managers, to ensure their needs were being met throughout the launch process. Ultimately, we successfully launched the new feature set ahead of schedule, resulting in a 25% increase in customer adoption within the first quarter.",llama3.2:latest,2026-05-08T17:04:31.923055,300,829,49,125,6
product_manager_hr_medium_0055,Product Manager,HR,medium,"Can you walk me through how you handled a situation where a cross-functional team member disagreed with your project priority decision, but ultimately supported the direction once they understood the strategic implications?","In this scenario, I recall a project where our product manager disagreed with a UX designer's prioritization of features. The task was to allocate resources effectively while meeting business objectives. I listened to the designer's concerns and explained the strategic implications of the chosen priority. Through open communication and active listening, I provided evidence-based insights on how the selected features would drive customer engagement and revenue growth. Ultimately, the designer supported the decision once they understood the broader project goals, allowing us to move forward with a cohesive plan that balanced user experience with business requirements.",llama3.2:latest,2026-05-08T17:04:59.122603,223,674,32,96,6
product_manager_hr_medium_0056,Product Manager,HR,medium,"Can you describe a time when you had to make a significant product feature or design change that deviated from the original vision of your team, and how you balanced your own creative input with the needs and concerns of stakeholders?","In my previous role as a Product Manager at a mid-sized tech startup, I was tasked with launching a new mobile app that would revolutionize the way users managed their finances. The original vision from our design team and stakeholders focused on creating an extremely user-friendly interface with minimal features to appeal to a broad audience. However, during the development phase, our analytics showed that users were seeking more advanced financial planning tools and integrations with popular services.

To address this discrepancy, I worked closely with our engineering team to identify key features that could be added while maintaining the app's core functionality. We prioritized developing a robust investment tracking system, which would cater to users' need for more comprehensive financial management. By engaging stakeholders through regular feedback sessions and ensuring transparency about the changes we were making, we successfully integrated these new features without compromising the overall user experience. This change not only improved user satisfaction but also helped us meet our business objectives by increasing engagement and revenue.",llama3.2:latest,2026-05-08T17:05:38.755969,234,1164,41,170,8
product_manager_hr_hard_0057,Product Manager,HR,hard,"Can you describe how you would navigate a situation where your cross-functional team is strongly divided on whether to prioritize product features that align with the company's growth strategy versus those that directly address customer feedback, while also dealing with a senior executive who has recently expressed their preference for one approach over the other?","In a situation where my cross-functional team is strongly divided on prioritizing product features that align with the company's growth strategy versus those directly addressing customer feedback, I would start by acknowledging the differing perspectives and ensuring everyone has an opportunity to share their concerns. My task would be to facilitate a collaborative discussion to better understand the trade-offs between these two approaches, considering factors like customer needs, business goals, and resource constraints.

To address this challenge, I would take a data-driven approach by gathering feedback from customers, analyzing market trends, and reviewing key performance indicators (KPIs) to identify areas of alignment between growth strategy and customer feedback. By leveraging insights from these sources, I can help the team visualize the benefits and drawbacks of each approach, enabling us to make an informed decision that balances both short-term needs and long-term goals.

Through this process, I would facilitate a joint decision-making exercise with the senior executive, ensuring their concerns are heard and addressed while also aligning with our company's overall objectives. By empowering the team to take ownership of the decision-making process and providing clear guidance on how to prioritize features, we can foster a culture of collaboration and ensure that our product roadmap effectively addresses both customer needs and business goals. Ultimately, this approach enables us to deliver value to customers while driving growth and staying ahead in the market.",llama3.2:latest,2026-05-08T17:06:30.282339,366,1597,55,231,8
product_manager_hr_hard_0058,Product Manager,HR,hard,"Can you walk us through how you would de-escalate a conflict between two high-performing product managers on opposite coasts who have fundamentally different design philosophies, resulting in a stalled project timeline and strained team morale, without sacrificing either of your priorities or compromising their individual contributions to the product's success?","In a situation where two high-performing product managers with disparate design philosophies are stalling a project timeline and impacting team morale, my approach would be to facilitate a constructive dialogue between them. I'd start by establishing a safe space for open discussion, ensuring both parties feel heard and understood (Task). Through active listening and empathy, I'd help identify common goals and shared values, reframing the conflict as an opportunity for mutual growth and learning (Action). By facilitating a collaborative problem-solving process, we'd arrive at a unified design direction that balances both perspectives, yielding a project timeline that meets both teams' priorities while maintaining individual contributions to the product's success.",llama3.2:latest,2026-05-08T17:07:12.437448,363,773,50,109,5
product_manager_technical_easy_0059,Product Manager,Technical,easy,"What metrics would you use to measure the success of a new product feature launched with a target audience of 10% of your existing customer base, and how would you prioritize those metrics in a data-driven decision-making process?","To measure the success of a new product feature launched with a target audience of 10% of our existing customer base, I would focus on metrics that balance short-term engagement and long-term retention. Key metrics include: (1) user adoption rate within the first 30 days, (2) average session duration and engagement time spent on the new feature, (3) customer satisfaction surveys measuring perceived value and ease of use, and (4) net promoter score (NPS). I would prioritize these metrics by allocating more weight to NPS, as it provides a direct link to loyalty and retention. By tracking these metrics, we can make data-driven decisions on how to improve the feature and optimize user experience, ensuring a healthy ROI and long-term customer engagement.",llama3.2:latest,2026-05-08T17:07:48.666444,230,759,38,122,5
product_manager_technical_easy_0060,Product Manager,Technical,easy,"Can you describe the minimum viable product (MVP) for a mobile app that aims to increase user engagement by 20%, assuming an average user session lasts 4 minutes and a conversion rate from free trial to paid subscription is 15%?","For a mobile app aiming to increase user engagement by 20%, I would propose an MVP with a streamlined onboarding process, targeted push notifications, and a limited free trial period. The app would include a clear call-to-action (CTA) for upgrading to the paid subscription after the initial trial, aiming to convert around 15% of users into paying customers. This approach would allow us to test the effectiveness of these features with a small team while minimizing the financial risk and keeping user expectations low. By doing so, we can validate our assumptions and refine the app before scaling up and investing more in additional features.",llama3.2:latest,2026-05-08T17:08:22.927066,228,646,40,105,5
product_manager_technical_medium_0061,Product Manager,Technical,medium,"Design a feature that measures user engagement across multiple platforms (e.g., web, mobile, social media) without adding significant server-side load. What metrics would you use to determine success, and how would you handle data inconsistencies between platforms?","To measure user engagement across multiple platforms without adding significant server-side load, I would design a feature that utilizes client-side tracking and data synchronization. We would implement JavaScript-based tracking pixels on each platform, which would collect event-level data such as clicks, scrolls, and time spent on the app or website. This data would be sent to a central hub using websockets or WebSockets-like technologies like Socket.io, allowing for real-time aggregation and processing.

To determine success, I would use metrics such as total user sessions, average session duration, bounce rate, and click-through rate (CTR). These metrics provide a comprehensive view of user behavior across platforms. To handle data inconsistencies between platforms, we would implement data validation checks using machine learning algorithms that can detect anomalies in the data and flag them for human review.

Trade-offs include potential decreased accuracy due to incomplete data or platform-specific limitations, but utilizing client-side tracking and data synchronization allows us to maintain a low server-side load while still providing valuable insights into user behavior.",llama3.2:latest,2026-05-08T17:09:03.209012,265,1196,37,168,9
product_manager_technical_medium_0062,Product Manager,Technical,medium,"What are the key performance indicators (KPIs) for a new product feature that targets a specific audience segment with a high churn rate, and how would you use data from multiple sources (e.g., customer feedback, social media analytics, purchase history) to inform your decisions on whether to continue or discontinue the feature?","When introducing a new product feature to a high-churn audience segment, I'd focus on key performance indicators (KPIs) such as engagement metrics (e.g., time spent on the app, number of sessions), retention rates, and revenue impact. To inform decisions, I'd leverage data from multiple sources like customer feedback surveys, social media analytics tools to gauge sentiment around the feature, and purchase history to identify key drivers of churn. For instance, if customer feedback reveals concerns about user interface issues, I'd prioritize iterating on that aspect before making broader changes. Conversely, if sales data indicates a strong correlation between feature adoption and revenue growth, it would support continued investment in the feature. By considering these trade-offs and adjusting my approach accordingly, I can ensure informed decisions that balance short-term needs with long-term strategic objectives.",llama3.2:latest,2026-05-08T17:09:44.877284,330,928,52,133,8
ux_designer_hr_easy_0063,UX Designer,HR,easy,Can you describe a time when you received feedback on your design work that was unconventional or disagreed with your initial vision? How did you handle the situation and incorporate the feedback into your next project?,"In my previous role as Senior UX Designer at a tech startup, I received feedback on a project redesign for our mobile app. The stakeholder suggested incorporating a feature that contradicted my initial vision of streamlining navigation to improve user experience. Initially, I felt defensive and inclined to justify my design decisions, but I took a step back to consider the new perspective. I asked clarifying questions to understand their reasoning and acknowledged the value in their input. By doing so, I was able to see the feature as an opportunity for innovation rather than a compromise. This unconventional feedback ultimately led to the successful launch of the redesigned app, which exceeded user engagement metrics by 25%.",llama3.2:latest,2026-05-08T17:11:39.584706,219,735,36,117,7
ux_designer_hr_easy_0064,UX Designer,HR,easy,"Can you tell me about a time when you had to present your UX design ideas to a team or stakeholders who may not have understood the technical aspects of your solution, how did you approach the discussion to ensure everyone was aligned and on board with the final product?","In my previous role as a UX Designer at a large financial institution, I was tasked with redesigning the user experience of their mobile app. The stakeholders were primarily business-focused, and they had varying levels of technical understanding. To ensure everyone was aligned and on board with the final product, I used a combination of visual aids, analogies, and technical explanations to communicate my design decisions.

I created a series of interactive prototypes that showcased the new features and functionality, allowing stakeholders to experience the solution firsthand. By using simple language and avoiding technical jargon, I explained how each design decision addressed business needs and user pain points. This approach enabled everyone to understand the value proposition of the redesign and made it easier for them to provide feedback and buy-in.

Through this process, we were able to achieve a successful launch that resulted in increased app adoption and improved customer satisfaction.",llama3.2:latest,2026-05-08T17:12:19.344058,271,1009,50,152,8
ux_designer_hr_medium_0065,UX Designer,HR,medium,Can you describe a situation where you had to compromise your design ideas with a stakeholder or team member who disagreed with your approach? How did you handle the situation and what was the outcome?,"In a previous project, I was tasked with redesigning an e-commerce website's checkout process. During the design iteration phase, our product manager expressed concerns that my proposed changes would increase the average order value by limiting the number of payment options. After discussing the trade-offs and explaining how the new design would improve user experience while still meeting business objectives, we agreed to implement a hybrid approach, incorporating some of the original design elements with the alternative solutions. This compromise resulted in a 20% increase in conversion rates while maintaining a competitive average order value. By engaging in open communication, actively listening to concerns, and finding a middle ground, I was able to balance design goals with business objectives, ultimately delivering a better outcome for both parties.",llama3.2:latest,2026-05-08T17:12:53.031497,201,867,35,127,6
ux_designer_hr_medium_0066,UX Designer,HR,medium,"Can you walk us through a time when you had to communicate complex design decisions to a cross-functional team, including product managers and engineers, without being asked to make significant changes to your original concept?","In a recent project, I was tasked with redesigning an e-commerce website's checkout process. The task was to communicate my design decisions to the cross-functional team, including product managers and engineers, without being asked to make significant changes to my original concept. I used analogies to explain how my design would improve user experience, such as comparing it to a smooth car ride versus a bumpy one. I also provided data-driven insights on the usability issues with the current checkout process, which helped alleviate concerns about the proposed changes. As a result, the team was able to understand and support my design decisions, and we were able to implement a more efficient and intuitive checkout experience without having to make major compromises on my original concept.",llama3.2:latest,2026-05-08T17:13:27.045351,227,799,35,126,6
ux_designer_hr_hard_0067,UX Designer,HR,hard,"Can you describe a situation where you had to prioritize competing design requirements from stakeholders with differing opinions on usability and accessibility needs, while also navigating a complex organizational culture that emphasized rapid prototyping over rigorous user research?","In a recent project, I was tasked with redesigning an existing e-commerce website for a large retail client. The stakeholders had conflicting opinions on usability and accessibility requirements, which included a tight deadline to launch within six weeks and a desire to maintain the current navigation structure despite it being criticized for its complexity. As the UX lead, my task was to navigate these competing priorities while also considering the impact on our design methodology, which emphasized rapid prototyping over in-depth user research. To mitigate this challenge, I worked closely with the stakeholders to identify and prioritize the most critical usability and accessibility requirements, and then used that information to inform our iterative design process. By doing so, we were able to launch a site that met both usability and accessibility standards while still meeting the client's tight deadline.",llama3.2:latest,2026-05-08T17:14:00.280916,284,921,38,139,6
ux_designer_hr_hard_0068,UX Designer,HR,hard,"Can you walk me through how you would facilitate an iterative design process with a cross-functional team of 10 members, including product managers, engineers, and business stakeholders, when the project's success is heavily dependent on meeting a tight 6-week timeline, while also ensuring that the final product meets the needs of your target user group, who are highly vocal about their frustrations with similar products in the market?","I recall a project where our goal was to launch a new e-commerce platform within an extremely tight 6-week timeline. The task was to facilitate an iterative design process with a cross-functional team of 10 members, while ensuring we met the needs of our target user group and delivering a high-quality product.

In this situation, I established clear communication channels and collaboration tools from the outset, including regular stand-ups, sprint planning sessions, and asynchronous feedback loops. I also prioritized user research and testing, conducting user interviews and usability testing to validate our design assumptions. By doing so, we were able to deliver a product that met the needs of our target users, while acknowledging trade-offs in terms of feature scope and timeline.

The result was a successful launch with positive customer feedback and a 30% increase in sales within the first quarter, demonstrating the value of prioritizing user needs and iterating design decisions in a fast-paced environment.",llama3.2:latest,2026-05-08T17:14:45.895947,439,1025,68,157,7
ux_designer_technical_easy_0069,UX Designer,Technical,easy,"What are some common accessibility issues that you would identify in a mobile app's onboarding flow, and how would you design an alternative to address them?","During my previous project, I noticed that many mobile apps' onboarding flows were plagued by common accessibility issues such as lack of font size adjustment, inadequate color contrast, and insufficient keyboard navigation. To address these issues, I designed an alternative onboarding flow with the following features: a zoomable interface to allow users to adjust font size, high-contrast mode toggle for easier reading, and clear keyboard navigation arrows to facilitate easy input. By implementing these design elements, we significantly reduced errors and improved user experience for users with visual or motor disabilities. Additionally, providing alternative text for images and audio descriptions for users who are deaf or hard of hearing ensured equal access to the app's content.",llama3.2:latest,2026-05-08T17:15:14.164486,157,791,26,116,5
ux_designer_technical_easy_0070,UX Designer,Technical,easy,"What is the primary difference between a user story and a wireframe in a product design process, and provide an example of how you might use each in your UX design workflow?","In a product design process, user stories and wireframes serve distinct purposes. A user story is a written description of a feature or functionality from the end-user's perspective, typically in the form of ""As a [type of user], I want to [perform some task] so that [I can achieve a goal]."" For example, ""As a customer, I want to be able to view my order history on the dashboard."" Wireframes, on the other hand, are low-fidelity visual representations of screen layouts and interactions. In my UX design workflow, I use user stories for requirements definition and stakeholder buy-in, while wireframes serve as a foundation for prototyping and usability testing, allowing me to trade off between fidelity and iteration speed.",llama3.2:latest,2026-05-08T17:15:46.635641,173,728,32,119,6
ux_designer_technical_medium_0071,UX Designer,Technical,medium,"Design a navigation system for a hypothetical e-commerce platform that caters to users with visual impairments. The platform should have the following features: accessible product filtering, high contrast mode, screen reader integration, and a way to rate products without relying on image-based reviews. What is your design approach and propose at least two potential solutions?","To design a navigation system for an e-commerce platform catering to users with visual impairments, I would adopt an inclusive approach that prioritizes accessibility and user experience. 

In this scenario, my task is to ensure that the navigation system accommodates users with visual impairments while still providing a seamless shopping experience.

One potential solution involves integrating a screen reader-enabled product filter, which allows users to navigate through categories using text-based labels, accompanied by high contrast mode options for enhanced readability. Another option would be incorporating descriptive alt-text for product images and replacing image-based reviews with text-based ratings or alternative feedback mechanisms that leverage user input such as audio or tactile feedback.

Both solutions balance accessibility with usability while minimizing potential trade-offs, ensuring a positive experience for users with visual impairments and promoting equal access to the platform's features.",llama3.2:latest,2026-05-08T17:17:17.102666,379,1023,55,138,6
ux_designer_technical_hard_0072,UX Designer,Technical,hard,"Design a new onboarding process for an e-commerce platform that includes a 7-day trial period, allowing users to test features before committing to a paid subscription. The twist: the trial period is divided into three segments, each with a different interaction pattern (e.g., swipe-based, gesture-based, text-based). How would you design and evaluate this multi-mode onboarding experience to ensure a high conversion rate from free trial to paid subscription?","To design an effective multi-mode onboarding experience, I would start by defining clear objectives and user personas. For example, let's assume our target audience is young adults aged 25-35 who are new to e-commerce and have limited technical expertise.

For the 7-day trial period, I would divide it into three segments with distinct interaction patterns:

Day 1-2: Swipe-based onboarding, where users navigate a simple tutorial that introduces core features such as product browsing and shopping cart management. This segment aims to establish familiarity and trust.

Day 3-4: Gesture-based onboarding, where users complete micro-tasks that demonstrate the platform's capabilities, such as sorting products by category or using filters. This segment focuses on building user engagement and confidence.

Day 5-7: Text-based onboarding, where users receive concise tutorials and tips on advanced features like order tracking and returns management. This segment emphasizes education and support.

To evaluate the effectiveness of this multi-mode onboarding experience, I would use a combination of qualitative and quantitative metrics, such as:

* User feedback surveys to gauge satisfaction and identify pain points
* Heatmap analysis to assess user behavior and interaction patterns
* Conversion rate tracking to measure the percentage of users who upgrade to a paid subscription

Trade-offs to consider include the potential for cognitive overload with multiple interaction modes, and the need to balance complexity and simplicity in each segment. To mitigate these risks, I would ensure that each segment is designed to build upon previous interactions, and that clear visual cues and feedback mechanisms are used to guide users through the process.",llama3.2:latest,2026-05-08T17:18:19.537041,461,1755,68,257,11
data_analyst_hr_easy_0073,Data Analyst,HR,easy,Can you tell me about a time when you had to communicate complex data insights to a non-technical stakeholder? How did you approach the situation?,"I recall a situation where I was tasked with presenting monthly sales trends to our CEO, who had no background in finance or data analysis. The task required me to distill complex metrics into actionable insights that would inform strategic decisions. To approach the situation, I prepared a clear and concise presentation by identifying key performance indicators (KPIs) and creating visualizations that effectively communicated the trends. By using storytelling techniques and avoiding technical jargon, I was able to convey the insights in a way that resonated with the CEO's business acumen, leading to a successful outcome that influenced our company's revenue strategy.",llama3.2:latest,2026-05-08T17:19:44.162869,146,675,25,102,5
data_analyst_hr_easy_0074,Data Analyst,HR,easy,"Can you describe a situation where you received feedback on your work, and how you used it to improve your performance in a team project?","In a team project to develop a predictive model for customer churn, our team received feedback that our initial approach was too simplistic and didn't accurately capture the complex relationships between variables. The lead analyst suggested we incorporate more advanced techniques, such as gradient boosting and feature engineering. I took this feedback as an opportunity to learn and adapt my skills. I worked closely with the lead analyst to implement these new techniques, which resulted in a 25% improvement in model accuracy. This feedback not only enhanced our project's outcomes but also helped me develop my skills in more advanced data analysis techniques.",llama3.2:latest,2026-05-08T17:20:13.313395,137,666,25,103,6
data_analyst_hr_medium_0075,Data Analyst,HR,medium,"Can you describe a situation where you had to present complex data insights to a non-technical stakeholder, such as a business leader or executive, and how you adapted your communication approach to ensure the message was understood and acted upon?","In my previous role as a Senior Data Analyst, I was tasked with presenting our quarterly sales data insights to a non-technical business leader. The task required me to distill complex data trends into actionable recommendations for improvement. To adapt my communication approach, I employed storytelling techniques by using visualizations and narratives to convey the key findings and their implications on the business. By framing the data in terms of business outcomes rather than technical metrics, I was able to ensure the message resonated with the executive, leading to a 25% increase in sales team productivity within six months. This experience taught me the importance of considering the audience's perspective when presenting data insights and the value of effective communication in driving business impact.",llama3.2:latest,2026-05-08T17:20:46.102850,248,820,40,124,6
data_analyst_hr_medium_0076,Data Analyst,HR,medium,"Can you tell me about a time when you had to collaborate with a team member who had a fundamentally different analytical approach or methodology, and how you effectively managed the resulting tension to deliver a high-quality data analysis outcome?","In my previous role as Senior Data Analyst at XYZ Corporation, I worked with a cross-functional team on a project to analyze customer behavior and inform marketing strategies. One of my team members, a junior analyst, had a strong background in machine learning but was using a more traditional statistical approach, whereas I leaned towards a data-driven, exploratory strategy. As tensions arose during our weekly meetings, it became clear that we needed to find common ground. I took the initiative to schedule a one-on-one meeting with my team member, where we discussed our approaches and found areas of alignment, such as both prioritizing customer segmentation. By actively listening to their concerns and sharing my own thought process, we were able to adapt our individual methodologies into a complementary framework that delivered high-quality insights and informed successful marketing campaigns, resulting in 25% increase in sales revenue within six months.",llama3.2:latest,2026-05-08T17:21:24.815483,248,969,40,148,6
data_analyst_hr_hard_0077,Data Analyst,HR,hard,"Can you describe a situation where you had to reconcile conflicting priorities from stakeholders with limited data resources, while maintaining transparency and credibility in your recommendations for a business decision?","In a previous role, I was tasked with analyzing market trends to inform a company's expansion strategy into a new region. Multiple stakeholders had differing priorities, including increasing revenue growth and minimizing risk. With limited data resources, I recognized that I needed to prioritize the most actionable insights to drive business decisions. I leveraged my analytical skills to identify areas of alignment among stakeholder priorities and developed a comprehensive report outlining these findings. By presenting my recommendations through clear visualizations and transparent rationales, I maintained credibility while ensuring stakeholders felt heard and valued, ultimately leading to a successful expansion strategy that balanced growth and risk management.",llama3.2:latest,2026-05-08T17:21:53.499953,221,772,30,106,6
data_analyst_hr_hard_0078,Data Analyst,HR,hard,"Can you walk me through a time when you identified a data quality issue within an existing analysis that was critical to the business outcome, but ultimately disagreed with the findings presented by another team member who had a deep understanding of the problem domain; how did you navigate this situation and what did you learn from it?","In a project where I was tasked with analyzing customer churn, I noticed a discrepancy in the dataset that indicated an unusually high proportion of customers churning within a specific time window. Upon further investigation, I discovered that another team member had included a large number of 'de-active' customers, who were not actually lost but rather placed on hold due to company restructuring. Despite acknowledging their domain expertise, I maintained my focus on data-driven insights and presented the corrected analysis, which revealed a more nuanced understanding of customer behavior. By doing so, we were able to inform business decisions that led to a 25% reduction in churn rates. Through this experience, I learned the importance of fact-based decision-making and the value of maintaining objectivity in the face of domain-specific expertise.",llama3.2:latest,2026-05-08T17:22:33.515034,338,859,58,130,6
data_analyst_technical_easy_0079,Data Analyst,Technical,easy,"What is the primary purpose of calculating the correlation coefficient (r-squared) value in a regression analysis, and provide an example of how you would interpret this value to understand the relationship between two variables?","The primary purpose of calculating the correlation coefficient (r-squared) value in a regression analysis is to quantify the proportion of variance in one variable that is predictable from another variable. The r-squared value represents the goodness-of-fit between the independent and dependent variables, with values ranging from 0 to 1. A higher r-squared indicates stronger linear relationship between the two variables, allowing for more accurate predictions. For instance, if we were analyzing the relationship between student exam scores and hours studied, an r-squared of 0.7 would suggest that 70% of the variance in exam scores can be explained by the number of hours studied. This high correlation coefficient enables us to make confident predictions about future outcomes, while lower values indicate weaker relationships, which might require further investigation or alternative models to better capture the relationship between variables.",llama3.2:latest,2026-05-08T17:23:08.260105,229,952,34,137,7
data_analyst_technical_easy_0080,Data Analyst,Technical,easy,"What are some common data transformation techniques used when working with missing values, such as mean imputation or median imputation, and when would you choose each approach for a dataset like ""Customers"" which has 10% missing sales figures?","When working with missing values, I use a combination of techniques to ensure data quality. For datasets like ""Customers"" with missing sales figures, I would choose mean imputation for numerical variables, as it is generally more robust and computationally efficient. However, I would opt for median imputation instead for categorical variables or when dealing with skewed distributions.

For the 10% missing sales figures in the ""Customers"" dataset, I would use a weighted average approach to handle the missing values, where the proportion of missing values is taken into account to avoid over-reliance on the mean. This approach helps maintain data integrity while still providing a reasonable estimate.

Trade-offs between these methods depend on data distribution and variable type; for instance, median imputation may be more suitable when dealing with outliers or skewed distributions.",llama3.2:latest,2026-05-08T17:23:45.818717,244,892,38,133,7
data_analyst_technical_hard_0081,Data Analyst,Technical,hard,"What is the optimal approach to handling missing values in a large dataset containing categorical variables with a high proportion of nulls, while also considering the trade-offs between data quality, computational efficiency, and interpretability for downstream machine learning models?","For a large dataset containing categorical variables with a high proportion of nulls, I would recommend using a hybrid approach that balances data quality, computational efficiency, and interpretability. First, I would apply imputation techniques such as K-Nearest Neighbors (KNN) or Multiple Imputation by Chained Equivalence (MICE), which are computationally efficient and have been shown to produce reasonable results in many cases. However, for categorical variables with high proportions of nulls, I would also consider using list-wise deletion or specific list-wise imputation methods such as KNN-CE (K-Nearest Neighbors based on Chained Equivalence) to maintain the unique categories' structure. This approach allows us to preserve the dataset's integrity while minimizing computational overhead. Trade-offs must be carefully considered, as over-imputing categorical variables can compromise interpretability for downstream machine learning models.",llama3.2:latest,2026-05-08T17:26:27.064917,287,955,39,127,6
cybersecurity_analyst_hr_easy_0082,Cybersecurity Analyst,HR,easy,"Can you describe a time when you had to communicate technical security information to a non-technical team member or stakeholder, and how you ensured your message was understood?","I recall a situation where I had to explain a denial-of-service (DoS) attack to a senior executive. The task was to effectively communicate the technical details without overwhelming the listener. To achieve this, I used analogies, such as comparing the attack to a large-scale distributed traffic jam on the internet, and focused on the key aspects: the intent behind the attack, potential damage, and mitigation strategies. By breaking down complex concepts into relatable examples and highlighting business implications, I ensured the message was understood by the executive, who subsequently made informed decisions regarding security posture. The outcome was a clear understanding of the vulnerability, and we were able to implement countermeasures that protected our systems.",llama3.2:latest,2026-05-08T17:26:58.198334,178,781,28,115,6
cybersecurity_analyst_hr_easy_0083,Cybersecurity Analyst,HR,easy,"Can you tell me about a situation where you received feedback or constructive criticism on your work as a cybersecurity analyst, and how you responded to it?","In my previous role as a Cybersecurity Analyst, I received feedback on my incident response plan from our internal audit team. They suggested that our plan was too manual and could be improved by incorporating automation tools to enhance efficiency and scalability.

I took their suggestions as an opportunity to revisit and revise our incident response plan. I conducted research on industry-standard automation tools and implemented a new framework that integrated these tools, allowing us to automate routine tasks and focus on more critical aspects of incident response. As a result, we were able to reduce incident response time by 30% and improve overall team efficiency by 25%.",llama3.2:latest,2026-05-08T17:27:28.408309,157,684,27,108,6
cybersecurity_analyst_hr_medium_0084,Cybersecurity Analyst,HR,medium,"Can you describe a time when you had to collaborate with a team member who had significantly different security risk tolerance than yours during a critical incident response, and how you adapted your approach to ensure the project's success?","In a recent incident response engagement, I worked with a team member who had a more conservative security risk tolerance compared to my own approach. The task was to contain a high-risk vulnerability in a critical application, and we needed to balance the urgency of patching the issue with the potential impact on the business's operations. To adapt, I took the lead in developing a risk-acceptance plan that weighed the potential consequences of delaying the patch against the benefits of implementing a more comprehensive remediation strategy. By engaging our team's technical expert in developing the plan and conducting a thorough risk assessment, we were able to find a balance that satisfied both our risk tolerance and the business requirements. Ultimately, we successfully contained the vulnerability and implemented the necessary patches without disrupting the application's functionality.",llama3.2:latest,2026-05-08T17:28:02.001756,241,900,39,135,6
cybersecurity_analyst_hr_hard_0085,Cybersecurity Analyst,HR,hard,"Can you describe a situation where you had to balance competing priorities in a high-pressure incident response environment, while also effectively communicating with stakeholders who may have had different expectations for the severity of the issue?","In a recent incident where our organization's sensitive data was compromised through a phishing attack, I had to balance competing priorities between containing the breach and communicating with key stakeholders. The Task was to quickly escalate the issue to leadership while also providing a clear and concise briefing to non-technical employees who needed to know about the potential risks to their personal data. I coordinated with our Incident Response team to conduct a thorough analysis of the attack vectors, and simultaneously crafted a tailored message for each stakeholder group, including a senior management briefing that focused on the severity of the breach and mitigation strategies, as well as an employee alert that emphasized basic precautions to prevent further compromise. By effectively prioritizing the messaging based on audience expectations, we were able to minimize panic while maintaining transparency, ultimately ensuring business continuity during this critical period.",llama3.2:latest,2026-05-08T17:29:06.464897,250,998,36,145,5
cybersecurity_analyst_hr_hard_0086,Cybersecurity Analyst,HR,hard,"Can you walk me through how you would approach collaborating with a junior team member who has a fundamentally different risk tolerance and incident response protocol than your own, during a critical network breach investigation, without inadvertently escalating their stress levels or undermining the team's overall effectiveness in resolving the issue?","In a situation where I had to collaborate with a junior team member during a critical network breach investigation, I recognized that our differing risk tolerances and incident response protocols could hinder the team's effectiveness. To mitigate this, I proactively set clear communication channels, actively listened to their concerns, and acknowledged their expertise in areas they excelled. By establishing a collaborative mindset and focusing on shared goals, I successfully bridged our differences and fostered a cohesive decision-making process that balanced caution with efficient incident resolution. This approach not only alleviated the junior team member's stress but also leveraged our combined strengths to resolve the issue efficiently.",llama3.2:latest,2026-05-08T17:29:41.492634,354,751,51,106,5
cybersecurity_analyst_technical_easy_0087,Cybersecurity Analyst,Technical,easy,"What is the purpose of patching vulnerabilities in software to prevent exploitation by attackers, and how would you verify that a vulnerability has been successfully patched using tools like Nmap or Nessus?","When it comes to patching vulnerabilities in software, our primary goal is to prevent attackers from exploiting those weaknesses. Patches are essentially fixes that address specific security flaws in software, ensuring they're protected against known threats and zero-day exploits.

To verify the success of a patch using tools like Nmap or Nessus, I'd use a combination of active scanning (e.g., Nmap's SYN scan) to identify open ports and services, followed by passive vulnerability scanning. This helps determine if an exploited port is now patched. For instance, running Nmap before and after applying a patch would show the change in port state from 'open' to 'closed,' confirming the patch took hold.

In practice, I'd take care not to overwhelm the system with excessive scans, as that might hide real patches under noise.",llama3.2:latest,2026-05-08T17:30:15.533558,206,829,32,131,9
cybersecurity_analyst_technical_easy_0088,Cybersecurity Analyst,Technical,easy,"What are the differences between an IP address and a MAC address, and how can a Cybersecurity Analyst determine if a device on a network is using its MAC address for authentication instead of its IP address?","An IP address and a MAC address are two distinct identifiers used in networking. An IP address is a logical identifier that uniquely identifies a device on a network, while a MAC address is a physical identifier assigned to a network interface card (NIC) by the manufacturer. To determine if a device is using its MAC address for authentication instead of its IP address, a Cybersecurity Analyst can use tools such as packet sniffers or network protocol analyzers like Wireshark to capture and analyze network traffic. By examining the source MAC address in the traffic, we can confirm whether the device is authenticating with its MAC address rather than its IP address. This approach has trade-offs in terms of complexity and potential false positives due to network configuration issues.",llama3.2:latest,2026-05-08T17:30:50.155281,207,790,37,129,6
cybersecurity_analyst_technical_medium_0089,Cybersecurity Analyst,Technical,medium,"Given a Windows Server 2012 R2 environment with a misconfigured Exchange server, how would you configure an intrusion detection system (IDS) to alert on incoming malicious emails that contain attachments from known attackers, while also ensuring the integrity of the email headers and sender information?","When configuring an intrusion detection system (IDS) to alert on incoming malicious emails with attachments from known attackers in a Windows Server 2012 R2 environment, I would implement a combination of threat intelligence feeds and email content analysis.

I would leverage the Exchange server's built-in features, such as the Transport Rule feature, to create rules that block or quarantine emails containing attachments from known attackers. Additionally, I would configure an IDS solution like Snort or Suricata to monitor incoming emails using a plugin like ClamAV for threat detection and sandbox analysis.

To ensure the integrity of email headers and sender information, I would use IP address whitelisting on the IDS system to only allow traffic from trusted IP addresses. This approach balances alerting on suspicious emails with minimizing legitimate email traffic disruption.

By implementing these controls, we can effectively detect and prevent malicious email attacks while maintaining a relatively low false positive rate.",llama3.2:latest,2026-05-08T17:31:28.306468,304,1040,45,153,7
software_engineer_hr_easy_0001,Software Engineer,HR,easy,"Can you share an example of a time when you had to adapt quickly in your work environment? What was the situation, how did you handle it, and what was the outcome?","In my previous role as a Software Engineer at TechSolutions Inc., we were in charge of developing an eCommerce platform when our lead developer suddenly fell ill. (Situation) The task was to deliver the project within two weeks while maintaining quality and ensuring seamless user experience, which required additional coding expertise that I didn't possess initially.

(Action) Without hesitation, I volunteered for taking on extra development tasks by utilizing my previous eCommerce knowledge along with swift learning of new technologies like ReactJS to speed up the project delivery while ensuring quality standards were met throughout the process. To mitigate risks and trade-offs that might arise from this hastened work, I prioritized essential features first and communicated effectively with my team about resource allocation.

(Result) By staying committed and demonstrating agility in adapting to unforeseen circumstances, we managed not only to meet the deadline but also received positive feedback for our robust solution from both management and users alike which led to a permanent role as part of the core development team at TechSolutions Inc.",phi3:latest,2026-05-08T16:44:00.905583,163,1161,32,174,7
software_engineer_hr_easy_0002,Software Engineer,HR,easy,"Can you tell me about a moment in previous team projects where effective communication played a key role in overcoming obstacles or challenges faced by the group? What strategies helped foster that open dialogue and collaboration? How do these experiences inform your approach to working within teams, especially when facing complex problems requiring diverse technical solutions?","In a previous project at my last job, we were tasked with developing an e-commerce platform on a tight deadline. The challenge was integrating third-party payment gateways in different time zones due to varying bank processing times worldwide. We decided to hold daily stand-up meetings where every team member briefly shared their day's progress and potential issues, fostering open communication from the start of each workday. During these discussions, we used a collaborative whiteboard for real-time problem solving which helped visualize complexities across time zones effectively. This strategy led to timely identification and resolution of integration challenges that might have otherwise delayed our project launch by weeks due to miscommunications about API responses times from different payment processors. From this experience, I learned the importance of establishing clear communication protocols within a team when dealing with technical complexities across diverse environments, ensseluting regular meetings and visual tools for better problem-solving efficiency in future collaborative projects.",phi3:latest,2026-05-08T16:44:50.504917,380,1114,56,155,7
software_engineer_hr_medium_0003,Software Engineer,HR,medium,How have you demonstrated your ability to work as part of a team in previous roles? Please provide specific examples.,"In my previous role as a lead developer at XYZ Corp., I was part of a team tasked with developing and deploying an enterprise software solution within six months. The primary goal (Task) required close collaboration to integrate components written by different teams, ensuring seamless operation across departments.

To achieve this, my colleagues and I established regular stand-up meetings for daily updates (Action), creating a transparent workflow that allowed us to swiftly identify blockers early on. This collaborative approach led to the successful release of our project within the set timeframe with minimal defects discovered post-deployment (Result).

Additionally, when we encountered challenges in API integration between two teams’ modules due to differing code standards and practices, I facilitated pair programming sessions where team members shared knowledge. This exchange not only solved immediate technical issues but also fostered an environment of continuous learning and mutual understanding within the team (Action). The result was a more cohesive unit that could maintain high-quality coding standards consistently throughout development phases.",phi3:latest,2026-05-08T16:45:31.705866,117,1172,20,166,9
software_engineer_hr_medium_0004,Software Engineer,HR,medium,"Can you describe a situation where you had to lead a project with limited resources, and how did you ensure its success while maintaining positive relationships within the team? Include details about any conflict resolution strategies you employed.","In my previous role as a Software Engineer at TechSolutions Corp., I led a project aiming to develop an internal communication platform with limited development and budget resources. The Task was not only to design the software but also ensure user adoption among employees, which required clear leadership and effective team coordination despite constraints.


To accomplish this goal (Action), I facilitated regular brainstorming sessions where every team member's input contributed equally to decision-making processes. By doing so, we maintained a collaborative environment that respected each individual’ endorsement while prioritizing tasks and making necessary trade-offs in features for the project scope. For instance, rather than developing complex integrations with existing systems which were out of our resource reach at the time, I proposed simpler alternatives like using standardized APIs whenever possible to reduce additional development costs without compromising on essential functionalities that employees needed most urgently.


The Result was a successfully deployed communication platform embraced by 95% of my colleagues within weeks after launch due to its user-friendly interface and core capabilities like instant messaging, file sharing, and video conferencing - all developed on the tight budget with minimal extra features that we would have otherwise considered unnecessary. Conflict resolution often involved mediation sessions where team members could voice their concerns privately before group meetings; this helped identify misunderstandings or dissatisfaction early in the process, allowing me to address these issues proactively and maintain a harmonious work environment throughout our project duration.",phi3:latest,2026-05-08T16:46:33.757544,248,1743,38,241,9
software_engineer_hr_hard_0005,Software Engineer,HR,hard,How do you handle situations where your technical approach conflicts with a project manager's strategy to meet deadlines? Can you walk me through how you would navigate this situation while maintaining effective teamwork and respect for authority within the company culture?,"In a previous role as a Senior Software Engineer with over ten years of experience, I encountered situations where my recommended technical approach conflicted with deadlines set by project managers. The situation arose during an extensive redevelopment of our company's internal software system; the manager wanted to expedite release for market competition reasons, which clashed with my insistence on a comprehensive quality assurance process that included stress testing and user acceptance trials over multiple sprint cycles due to complex integration points.


Task: To find common ground while respecting both perspectives was essential. I initiated an open dialogue about the potential long-term risks associated with rushing a deployment, such as increased technical debt or security vulnerabilities that could result in costlier fixes later on. The project manager acknowledged my concerns and agreed to discuss adjusting timelines after considering stakeholder expectations for system performance versus speed of release.


Action: I collaborated closely with the team lead to develop a phased approach, integrating key functionalities that met immediate business needs while scheduling subsequent rollouts planned around testing phases without impacting overall deadlines too significantly. This allowed us to deliver parts of the project quickly and iteratively refine other components in parallel streams based on user feedback after partial deployments.


Result: The strategy led to a successful launch within acceptable timeframes, with manageable risks that could be addressed through planned patches post-launch as part of regular maintenance schedules. This collaborative approach maintained team morale and trust while respecting the company culture' endorsed by senior leadership who recognized both strategies were aligned towards business goals without compromising on essential deliverables or project integrity.",phi3:latest,2026-05-08T16:47:43.978165,274,1937,41,268,10
software_engineer_hr_hard_0006,Software Engineer,HR,hard,"Can you describe a time when you had to mentor someone in your organization, helping them overcome significant technical challenges or personal roadblocks that affected their performance at work? How did you approach building trust with this individual while also guiding them towards achieving project objectives and fostering an inclusive team environment?","In my previous role as a senior Software Engineer at TechGlobal Inc., I had an opportunity to mentor Alex, who was struggling with understanding complex algorithm optimization. The task involved not only enhancing his technical skills but also improving our team's dynamic and collaboration abilities. Understanding that building trust is crucial in any mentoring relationship, we started by setting clear expectations through open discussions about goals and boundaries. I provided personalized resources tailored to Alex’s learning style and organized regular one-on-one meetings where he could voice his concerns freely without fear of judgment or repercussions. 

In addition to technical guidance, we worked on strategies for effective communication within the team since fostering a supportive environment is key in overcoming project roadblocks together as a united front. My approach was hands-on and iterative; I encouraged Alex to share his ideas during brainstorming sessions while providing constructive feedback that guided him towards refining those concepts further, ultimately leading to their successful implementation within the team’s projects. By consistently demonstrating my belief in Alex's potential through positive reinforcement, he gained confidence and started contributing more actively, which enhanced his performance significantly by improving not only individual outcomes but also strengthening our inclusive work culture as a whole.",phi3:latest,2026-05-08T16:48:51.798768,358,1465,52,204,9
software_engineer_technical_medium_0007,Software Engineer,Technical,medium,Given an array of integers where each element appears twice except for one unique integer. Can you design a function to find this single non-duplicate value with O(n) complexity? Explain the time complexity of your solution as well.,"In a given array where each integer appears twice except for one unique value, I designed an efficient function that leverages bitwise XOR operation to find this non-duplicate element. The approach is based on how the XOR of two identical numbers cancels out and results in zero while leaving the single number untouched when used with a running sum across array elements:

```python
def find_non_duplicate(arr):
    result = 0
    for num in arr:
        result ^= num
    return result
```
By applying this function to an input like `[2, 3, 4, 5, 6, 4, 3]`, it returns `6` as the non-duplicate value. The time complexity of this solution is O(n), where n represents the array's length because we only iterate through the list once to perform an XOR operation on each element. Space complexity remains constant at O(1) since no additional space proportional to input size is used, making it highly efficient for large datasets as well.",phi3:latest,2026-05-08T16:53:34.673343,232,936,38,155,5
data_scientist_hr_easy_0008,Data Scientist,HR,easy,"During a busy workday with tight deadlines, how do you prioritize your tasks to ensure that both urgent matters are addressed promptly and important long-term projects receive adedependent attention? How have you demonstrated effective time management in previous roles when facing multiple demands on your schedule?","In a previous role where I was tasked with both urgent deadlines and important long-term projects amidst my regular workload (Situation), it became crucial to prioritize tasks effectively. To manage this efficiently (Task), I adopted the Eisenhower Matrix, categorizing each item as either 'urgent', 'important but not urgent', or both ('not urgent' and 'needed'). For immediate attention, items were marked as such based on deadlines; for long-term projects requiring independent focus that weren't time-sensitive, I scheduled them during less busy periods (Action). By doing this balancing act, it allowed me to address critical tasks without neglecting the strategic objectives of our projects. For instance, when facing a client request with an impending deadline and a crucial data analysis project that was not due for another month but significantly impacted by quarterly reporting (Result), I prioritized immediate needs first while scheduling dedicated time slots during my calendar to progress on the long-term work. This systematic approach ensured timely execution of urgent matters without sacrificing attention to essential future projects, effectively demonstrating that despite high demands on schedule and resources, strategic planning can lead to successful outcomes by maintaining focus on both immediate necessities and crucial initiatives for sustained growth (Action). This method not only helped me meet the day-todependent objectives but also ensured I was contributing effectively towards long-term goals without compromising quality or accuracy, as evidenced in my performance reviews where continuous improvement and adherence to strategic priorities were consistently recognized.",phi3:latest,2026-05-08T16:57:24.603760,316,1707,46,241,8
data_scientist_hr_easy_0009,Data Scientist,HR,easy,"Can you describe a situation where you had to work closely with colleagues from different departments, each having their own priorities. How did you handle the collaboration and ensure that everyone' end goals were aligned while maintaining harmony within the team? What strategies have you used in the past to effectively communicate across departmental lines during high-stakes projects or tight deadlines?","In my previous role as a Data Scientist at a large healthcare provider, I led an initiative to develop predictive models that would optimize patient flow across different departments. The task required close collaboration with IT for data access, medical professionals for insights into operational needs, and the finance department to ensure cost-effectiveness.

To align goals while maintaining harmony, I started by organizing a kickoff meeting where we collectively defined success metrics that everyone valued — speed of implementation (IT), improved patient care quality (medical professionals), and budget adherence (finance). We established regular sync-up meetings to update progress and pivot as needed.

To effectively communicate across departmental lines during high stakes projects, I employed clear visualizations that highlighted data insights relevant for each team member's perspective and utilized project management tools like Asana to keep tasks transparent and deadlines visible. These strategies cultivated a shared understanding of objectives while respecting the unique priorities within our cross-functional teams.",phi3:latest,2026-05-08T16:58:28.997430,408,1140,61,157,7
data_scientist_hr_medium_0010,Data Scientist,HR,medium,How do you handle situations where your data analysis results differ significantly from those of a colleague on the same project? Please provide an example.,"In a recent project analyzing consumer behavior data for our market research team, I was part of an analysis group with several colleagues. Our task involved identifying patterns that could predict purchasing decisions across different demographics. Initially, my results suggested a strong correlation between age and product preference within urban populations using regression models; however, another senior analyst's findings pointed towards educational background as the primary influencer on buying choices for suburban segments through cluster analysis methods.

Action: To reconcile our differing viewpoints, I proposed we conduct an in-depth comparative study to understand underlying factors and potential biases that may have influenced each of our analyses. We agreed to utilize multiple regression with interaction terms as well as propensity score matching for a robust comparison across variables like age, educational background, and other covariates such as income levels and occupation types within the data set.

Result: Through this collaborative effort and methodological triangulation, we identified that both factors did indeed play significant roles in shaping consumer choices but interacted differently with each demographic segment. Age was more influential for urban dwellers aged 25-34 while educational background held greater sway over the suburban population of professionals between ages 30-45, regardless of their education levels or income brackets. This not only resolved our discrepinous but also enriched the final report with a more nuanced understanding that informed targeted marketing strategies for each segment based on multi-factorial insights.",phi3:latest,2026-05-08T16:59:32.270146,156,1690,25,235,9
data_scientist_hr_medium_0011,Data Scientist,HR,medium,"Can you describe a time when you identified misalignment in team perspectpheral views regarding the interpretation of data, and how did you facilitate consensus without undermining individual insights?","In my role at a mid-size tech company specializing in data analytics for retail businesses, I encountered misalignment between marketing and product development teams regarding customer segmentation analysis. The task was to use the latest sales data to refine our target demographics without alienating non-customer groups whose insights were valuable.


To address this issue technically while respecting individual perspectives, I facilitated a workshop where each team presented their interpretations and methodologies using clear visualizations like heat maps and cluster analyses that demonstrated customer purchase behaviors across different demographics. By highlighting the merits of both views through data-driven discussion points, we were able to combine insights into an integrated model reflecting a broad spectrum of consumer interactions with our products without sacrificing depth in analysis or personal biases being considered as sole determinants for strategy adjustments.


The result was not only alignment between the teams but also enhanced customer targeting that led to improved campaign performance, demonstrating how blending diverse viewpoints through a structured dialogue could yield superior results when underpinned by solid data analytics practices and mutual respect among departments.",phi3:latest,2026-05-08T17:00:31.476024,201,1320,28,180,6
data_scientist_hr_hard_0012,Data Scientist,HR,hard,"Can you describe a situation where your analysis significantly impacted company strategy or decision making? How did you navigate any ethical considerations in the process of gathering data for this project? Please share an example.

Explain how you've managed to effectively communicate complex technical details, like those involved in machine learning models, within cross-functional teams that may not have a strong background in data science or technology. Can you give us specific instances where your communication skills led to actionable insights? How did this influence the project outcome and team dynamics?","In my previous role at TechGlobal Inc., I was tasked with enhancing our mobile app user engagement. The company wanted to personalize content delivery but needed insights into which features were most valued by different segments of users without collecting excessive data, respecting privacy concerns (Task).

I conducted exploratory analysis and implemented a supervised learning model using existing behavioral patterns with minimal user input as the core dataset. This approach maintained our commitment to ethical considerations regarding personal data usage (Action). The insights revealed that users aged 18-25 preferred interactive content over static information, influencing us to revamp this demographic's app experience significantly (Result).

To share these complex findings with my team and stakeholdnerders from marketing who lacked technical background in data science, I prepared a concise presentation that included visual storytelling alongside the model explanations. Using an interactive dashboard to display real-time user engagement predictions based on different content strategies helped them understand potential outcomes (Action). Their feedback was instrumental in prioritizing features for our next app update rollout, which resulted in a 15% increase in weekly active users from the targeted demographic within three months of implementing changes. This collaborative approach led to better-aligned cross-functional efforts and reinforced trust between departments (Result).",phi3:latest,2026-05-08T17:01:52.707751,618,1505,91,204,11
data_scientist_hr_hard_0013,Data Scientist,HR,hard,"How would you approach integrating diverse datasets with varying levels of accuracy, completeness, and timeliness into a cohesive analytics strategy that meets stringent business objectives without compromising data integrity or ethical standards? Provide examples from your experience.","In a previous role as Data Scientist for healthcare analytics at MedAnalytica Corp (Situation), I was tasked with integrating disparate datasets from multiple sources to support evidence-based decision making. The challenge involved heterogeneous data of varying accuracy, completeness, and timeliness (Task). My first action entaled implementing a robust data cleaning process using advanced imputation methods for missing values while conducting sensitivity analyses on the impacts these inaccuracies could have had on predictive models. I prioritized datasets based on their relevance to business objectives and developed custom algorithms that ensured timely analysis without sacrificing accuracy (Action). The result was a reliable, actionable analytics platform which enhanced clinical outcomes by informing personalized treatment plans — the integration not only met our stringent goals but also upheld data integrity and ethical standards in patient confidentiality.",phi3:latest,2026-05-08T17:02:54.537222,286,974,37,132,6
data_scientist_technical_easy_0014,Data Scientist,Technical,easy,"As a data scientist working on predictive models for sales forecasting in your retail business, can you explain how you would handle missing values in the dataset before training a model? What strategies could be employed to ensure that these imputations do not significantly bias our predictions? Provide specific techniques and examples of when each might be preferable.","In my role as a data scientist for retail sales forecasting, handling missing values was crucial to maintain accuracy in our predictive models. For numerical columns with significant but not complete missingness, I employed multiple imputation techniques like MICE (Multivariate Imputation by Chained Equations) that filled gaps based on correlations within the data and avoided introducing bias from single-point estimates which could misrepresent trends or patterns in sales. When dealing with categorical columns where a substantial amount of missingness occurred, I opted for mode imputation to fill gaps while also considering business logic; for instance, if most instances had 'Electronics' as the category but one value was missing and that day we knew it wasn’t electronics due to special discounts on other items. This approach ensured our model could learn from a full dataset without overfitting specific cases where data were incomplete or absent entirely, which is essential for robust predictive analytics in retail forecasting scenarios like seasonal sales spikes and clearance periods that require nuanced imputation strategies to reflect true consumer behavior patterns accurately.",phi3:latest,2026-05-08T17:05:22.078750,372,1199,58,175,5
data_scientist_technical_hard_0015,Data Scientist,Technical,hard,"Explain your approach for detecting anomalies in time-series data from IoT sensors where sensor failures are not uncommon. What algorithms or techniques would you employ to differentiate between a true event of interest, such as equipment malfunction, and the noise created by random sensor errors? How would you implement this solution while ensuring minimal impact on system performance due to real-time data processing requirements?","In my approach to detect anomalies in time-series data from IoT sensors with frequent sensor failures, I would first utilize a combination of statistical methods and machine learning algorithms. Specifically, techniques such as Seasonal Hybrid Extreme Percentiles (S-HPEP) can be employed for initial detection due to their ability to handle multivariate time series effectively while accounting for seasonality which is common in sensor data patterns. To differentiate between true events of equipment malfunction and noise from random errors, I would incorporate unsupervised machine learning algorithms like Isolation Forest or Autoencoders trained on the historical normal operational data to identify outliers that could signify anomalies separate from false positives caused by sensor failures.


To ensure minimal impact on system performance for real-time processing, I would implement a distributed stream processing framework capable of handling large volumes of incoming data with low latency like Apache Flink or Spark Streaming while also applying dimensionality reduction techniques such as Principal Component Analysis (PCA) to the sensor data in near-real time before anomaly detection. This approach not only helps in reducing computational burden but also enhances system responsiveness and robustness against transient errors by filtering out unnecessary noise early on in the pipeline, ensuring accurate differentiation between false alarms and genuine equipment malfunctions while maintaining high throughput for timely alerts.",phi3:latest,2026-05-08T17:08:38.613703,435,1548,64,215,6
data_scientist_technical_hard_0016,Data Scientist,Technical,hard,"What statistical methods could be employed for feature selection in high-dimensional biological datasets (e.g., genomics) where irrelevant features can drastically affect model accuracy and interpretability, particularly when considering the application of penalized regression models like LASSO or Elastic Net to enhance both prediction performance and feature importance understanding? How would you validate that your selected features are not only predictive but also biologically relevant in the context of personalized medicine research?","In dealing with high-dimensional biological datasets such as genomics data where irrelevant features can significantly impact model accuracy and interpretability, I would leverage penalized regression models like LASSO (Least Absolute Shrinkage and Selection Operator) or Elastic Net. These methods incorporate both L1 and L2 regularization terms to not only perform feature selection but also enhance prediction performance by shrinking coefficients for less relevant features while keeping the others unchanged, which is crucial in genomics where interpretability matters. 

To validate that my selected features are predictive as well as biologically relevant, I would apply cross-validation techniques to assess model stability and use independent datasets with known outcomes or phenotypic annotations for external validation of feature importance predictions. Additionally, integrating literature evidence on previously identified genes associated with the disease or trait under study ensures that selected features have potential biological relevance in personalized medicine research.",phi3:latest,2026-05-08T17:09:36.103151,543,1093,71,144,5
machine_learning_engineer_hr_easy_0017,Machine Learning Engineer,HR,easy,How do you prioritize your tasks when working on a machine learning project with tight deadlines?,"When working on a machine learning project with tight deadlines (Situation), my primary task is to ensure that we deliver high-quality results without sacrificing our standards or rushing through critical steps. To manage this effectively (Task), I start by clearly defining the priorities: understanding and refining requirements, selecting appropriate data preprocessing techniques, model selection/evaluation criteria, etc. Then, based on these priorities, I allocate time efficiently to each task with a focus on high-impact activities first; for instance, ensuring that we have cleaned our dataset before moving onto feature engineering (Action). This approach often means delegating non-critical tasks and negotiating deadlines when necessary. By focusing like this, my team can consistently deliver robust solutions without unnecessary delays while maintaining a high quality of workmanship; for example, in the last project where we had an urgent deployment (Result).",phi3:latest,2026-05-08T17:10:12.981666,97,975,16,136,6
machine_learning_engineer_hr_easy_0018,Machine Learning Engineer,HR,easy,"Could you share an experience where you had to work closely with someone from another department as part of a cross-functional team, and how did that collaboration influence the outcome?","As a Senior Machine Learning Engineer working on an AI project for healthcare diagnostics, I found myself collaborating closely with our Data Science team to integrate their predictive models into my systems. Our initial task was to validate the accuracy and reliability of these external models in real-world scenarios (Task). To ensure seamless integration, we established a joint testing protocol that included extensive data preprocessing guided by your expertise—this helped refine input quality for our ML algorithms (Action). The collaboration led to a 15% improvement in predictive accuracy over the original models and fostered an interdepartmental partnership crucial for future projects. This successful integration not only enhanced patient outcomes but also strengthened team cohesion across different facets of healthcare technology development within our organization (Result).",phi3:latest,2026-05-08T17:10:51.557953,186,892,30,125,6
machine_learning_engineer_hr_medium_0019,Machine Learning Engineer,HR,medium,How have you demonstrated your ability to work effectively in a team environment where diverse skill sets are necessary for solving complex Machine Learning problems? Can you describe an experience when this was particularly important?,"In my previous role at Tech Innovations Inc., I was part of a cross-functional team tasked with developing an AI solution for predicting customer churn. The situation demanded collaboration between data scientists and software engineers to integrate the model into our existing infrastructure seamlessly (Situation). My job entailed understanding user behavior patterns from large datasets, which required advanced analytics skills I had honed over years of practice alongside facilitating discussions with my teammates who were experts in other areas like software development and data cleaning.

During our sprint planning meetings (Task), I took on the role of a liaison between different teams, ensuring that everyone understood their roles clearly while also being cognizant about how each part contributed to solving complex Machine Learning challenges collectively (Action). As we worked towards integrating our predictive model with live customer data streams and deploying it for real-time feedback, I helped streamline the communication process between teams by organizing weekly progress reviews. This not only ensured everyone was on track but also allowed us to promptly address any issues that arose (Result).

This experience underscored my ability to work effectively in diverse team settings and demonstrated how combining varied skill sets can be a powerful force when working towards complex Machine Learning objectives, ultimately leading to the successful deployment of our customer churn prediction system.",phi3:latest,2026-05-08T17:11:41.064877,235,1528,35,221,9
machine_learning_engineer_hr_medium_0020,Machine Learning Engineer,HR,medium,"Describe a situation where you had to lead a cross-functional team, including data scientists and software engineers, through the implementation of a machine learning project. How did you ensure clear communication and collaboration between team members with different technical backgrounds while keeping everyone aligned on goals and deadlines?","In my previous role at a healthcare startup, I led a cross-functional team to develop an AI tool that predicts patient deterioration. The task involved integrating clinical expertise with machine learning models developed by data scientists and software engineering efforts from the engineers. To ensure effective communication and collaboration among all members who had diverse technical backgrounds, I organized weekly meetings where everyone could discuss their progress and challenges transparently. By establishing a shared project dashboard that visualized task dependencies and timelines, we maintained alignment on goals and deadlines despite the differing expertise levels within our team. The result was not only successful deployment of the tool but also strengthened interdepartmental collaboration for future projects.",phi3:latest,2026-05-08T17:12:21.832571,345,832,48,115,6
machine_learning_engineer_hr_hard_0021,Machine Learning Engineer,HR,hard,"Can you describe a time when you had to integrate machine learning techniques into an existing workflow or system without disrupting current operations? How did you approach the integration while ensuring minimal downtime, maintaining data integrity, and achieving buy-in from both technical and non-technical stakeholders?","During my time at a fintech company as part of their ML team, we aimed to implement predictive modeling for fraud detection without impacting ongoing transactions. My Task was not only integrating the new system but also ensuring it improved accuracy while maintaining minimal service interruptions and data integrity.

Action-wise, I set up a parallel deployment environment using microservices architecture which allowed us to run both systems simultaneously; we then gradually redirected fraud alerts from legacy to ML models in real time with the staged approach during non-peak hours for testing purposes (e.g., overnight when fewer transactions occurred). To maintain data integrity and ensure transparency, I established a rigorous logging system that tracked every decision made by both systems which also became part of our explainability framework—key to gaining buy-in from all stakeholders including non-technical ones who valued understandable outcomes.

Result: The integration resulted in an 18% increase in fraud detection accuracy with no impact on system downtime or service performance, and the end product was well received by both technical staff for its improved reliability and explainability framework as well as non-technical stakeholders who appreciated the clear communication of decision processes.",phi3:latest,2026-05-08T17:13:11.814381,323,1326,45,192,8
machine_learning_engineer_hr_hard_0022,Machine Learning Engineer,HR,hard,"Could you elaborate on a complex machine learning project where multiple constraints or conflicting objectives had to be balanced simultaneously? What strategies did you employ to navigate these challenges while ensuring the team remained motivated, transparent communication was maintained with all stakeholders involved, and that deliverables met both technical robustness and business requirements without compromising on ethical standards in AI deployment?","In my previous role as a Machine Learning Engineer at Tech Innovations Inc., our team faced significant constraints in developing an AI system for personalized healthcare recommendations. The task was to balance accuracy with fairness and privacy concerns while satisfying both technical robustness expectations from the development leads and business goals of user engagement (Situation).

We implemented a multi-objective optimization strategy, employing techniques like Pareto efficiency analysis to identify solutions that could meet most needs without sacrificing too much on any single constraint. Additionally, we adopted explainable AI methods for transparency and conducted regular ethics training sessions with the team (Action). 

The result was a robust system designed under our constraints which showed improved user trust due to transparent operations and fairness metrics in deployment while upholding data privacy laws through secure architectures, leading directly to positive business outcomes as well as high stakeholder satisfaction.",phi3:latest,2026-05-08T17:14:01.814999,460,1054,61,145,7
machine_learning_engineer_technical_easy_0023,Machine Learning Engineer,Technical,easy,"As part of your responsibilities at our company, can you explain how to use scikit-learn in Python to perform linear regression on a dataset? Please include code snippets for data preparation, model training, prediction making, and evaluation using mean squared error. Also share best practices when it comes to handling datasets with missing values or outliers before performing the analysis.","In a recent project at my previous company, I had to perform linear regression using scikit-learn in Python. The task was straightforward; given sales data over several years and corresponding marketing expenses for our campaigns, the goal was to predict future sales based on upcoming marketing spend (Task). To prepare the dataset, first, I used pandas' `fillna()` function with forward fill method (`ffill`) to handle missing values while minimizing information loss. Outliers were managed by applying a Z-score threshold and removing data beyond three standard deviations from mean for each feature as this mitigated their impact (Action). 

The code snippet I employed was:

```python
import pandas as pd
from scipy import stats
from sklearn.model_selection import train_test_split
from sklearn.linear_model import LinearRegression
from sklearn.metrics import mean_squared_error

# Load dataset and handle missing values by forward filling them to minimize loss of information 
df = pd.readsav('datafile.sav').astype(float)  
df.fillna(method='ffill', inplace=True)

# Remove outliers based on Z-score threshold for each column, assuming a dataset with no more than two features (X and y). 
z_scores = np.abs(stats.zscore(df))
df = df[(z_scores < 3).all(axis=1)]

# Split the data into training/test set
features = ['marketing_expense'] # assuming 'sales' as target variable here for demonstration purposes
X = df[features]
y = df['sales'].values.reshape(-1, 1)
X_train, X_test, y_train, y_test = train_test_split(X, y, test_size=0.2, random_state=42)

# Create a Linear Regression model and fit it on the training set data
model = LinearRegression()
model.fit(X_train, y_train)

# Predict using our trained Model 
predictions = model.predict(X_test)

# Evaluate performance by comparing predictions to actual sales in test set through Mean Squared Error (MSE) metric: lower MSE indicates better fit of the data and hence more reliable prediction capability for future scenarios  
mse = mean_squared_error(y_test, predictions)
```
As a senior Machine Learning Engineer with over 10 years' experience, I know it’s essential to understand not only how but also when and why we should apply different data cleaning techniques. This helps ensure the validity of our models in terms of their predictive capability (Result).",phi3:latest,2026-05-08T17:15:34.806352,393,2323,60,326,23
machine_learning_engineer_technical_hard_0024,Machine Learning Engineer,Technical,hard,"Provide an in-depth explanation of how you would address a cold start problem for recommender systems without relying on user historical data. Consider factors such as diversity, fairness, scalability, and computational efficiency. How might your approach integrate with existing collaborative filtering methods? Explain the potential trade-offs involved.","In a situation where user historical data is unavailable for cold start users in recommender systems (CS), I faced the task of ensuring recommendations were both diverse and fair without compromising on scalability or computational efficiency. My action was to employ techniques like content-based filtering coupled with demographic information, which allowed me to generate initial personalized suggestions based on item characteristics aligned with user profiles derived from available metadata (e.g., age group preferences). I also integrated a serendipity factor into the algorithm that intentionally injects novelty and diversity by introducing items outside of strict similarities yet within an acceptable relevance threshold, enhancing fairness in exposure for different item types or creators. The result was improved user satisfaction due to varied recommendations while maintaining a foundational collaborative filtering model using the demographic data as surrogate behavior patterns—this hybrid approach scaled well and remained computationally efficient by leveraging dimensionality reduction techniques like matrix factorization on sparse matrices formed from item-user interactions. The trade-offs included potentially less accurate recommendations due to limited personalized historical insight but balanced this with a broader discovery of items that might resonate across diverse user segments, mitigating echo chamber effects in the absence of initial behavior data.",phi3:latest,2026-05-08T17:22:25.080006,355,1485,47,199,8
machine_learning_engineer_technical_hard_0025,Machine Learning Engineer,Technical,hard,How can you mitigate overfitting in deep neural networks used for image classification while preserving high accuracy rates on large datasets without resorting to traditional regularization techniques like dropout or data augmentation? Discuss your alternative strategies and their expected impacts on model generalizability.,"In my experience dealing with overfitting in deep neural networks for image classification on large datasets without relying solely on traditional methods such as dropout or data augmentation, I implemented novel architectural choices and pruning techniques. Specifically, incorporating attention mechanisms within convolutional layers enabled the model to focus more efficiently on relevant features of an image while reducing overfitting by ignoring noise in non-informative areas. To complement this approach, iterative channel pruning based on saliency maps was introduced during inference time after initial training with dropout and data augmentation for enhanced robustness against irrelevant variations within the dataset. This alternative strategy led to a model that maintained high accuracy rates close to traditional methods while demonstrating improved generalizability as evidenced by superior performance across multiple unseen validation datasets, particularly in low-data regimes where common regularization techniques tend to underperform due to their reliance on large variability and volume for effectiveness.",phi3:latest,2026-05-08T17:23:14.276075,325,1129,43,150,5
frontend_developer_hr_easy_0026,Frontend Developer,HR,easy,Could you describe a time when you had to work closely with another team member on a project and how your collaboration contributed to achener success?,"In my previous role as a Frontend Developer at Tech Innovations Inc., I was tasked with collaborating closely with our QA team to roll out an urgent update for one of our major products. Our aim (Task) was not only to fix critical bugs but also enhance user experience by refining the interface based on their feedback. To achieve this, we organized daily stand-up meetings and used a shared code repository with real-time updates allowing immediate review and suggestions from both sides (Action). This open communication ensured that everyone's concerns were addressed promptly, leading to faster iterations without compromising quality standards. The result was the successful deployment of an update within our targeted timeline while significantly improving user satisfaction scores as reported in post-launch surveys.",phi3:latest,2026-05-08T17:23:57.059549,151,823,26,125,7
frontend_developer_hr_easy_0027,Frontend Developer,HR,easy,"Could you provide an example from your experience where excellent communication was key in resolving a conflict within the development team, leading to successful completion of a frontend feature?","In a previous project at my last company as Frontend Developer, we had differing opinions on implementing an advanced user interface that utilized several new JavaScript libraries. The conflict arose because some team members felt these were not necessary for the client's needs and could complicate maintenance in the long run (Situation). My task was to reconcile these views and come up with a viable solution (Task). I initiated open discussions, presented data-driven analyses about user experience benefits versus implementation complexity, and proposed creating prototypes for testing—which allowed everyone's concerns to be addressed without compromising on quality or pushing forward unnecessarily complex features. The result was constructive; the team agreed to a phased approach where we first implemented critical UI components using these libraries while monitoring performance (Result). This collaborative resolution enabled us to meet our project goals efficiently and satisfied both technical needs and user expectations, leading to successful completion of this frontend feature with excellent communication at its core.",phi3:latest,2026-05-08T17:24:43.115318,196,1138,29,161,7
frontend_developer_hr_medium_0028,Frontend Developer,HR,medium,"How do you handle situations when your frontend designs are dependent on another team's deliverables that seem to be consistently late? How have you managed such dependencies in the past without compromising project timelines or quality standards, and what communication strategies did you implement with other teams involved?","In a past project where my frontend work was reliant on another team's late deliverables, I initiated regular status updates and risk assessments with them. When faced with consistent delays that threatened to impact our timeline negatively, I proposed setting up daily brief stand-ups focused soleselly on the dependencies between teams to identify any potential bottlenecks quickly. We agreed upon a buffer time extension for their part of work as compensation and prioritized critical features in my design first using progressive enhancement techniques while waiting. The results were positive; not only did we stay within our revised timeline, but the project also met its quality benchmarks without rushing any tasks or compromising on frontend standards. My proactive communication with all stakeholders and transparent planning helped maintain a collaborative atmosphere despite initial setbacks.",phi3:latest,2026-05-08T17:25:28.767222,326,904,48,132,6
frontend_developer_hr_medium_0029,Frontend Developer,HR,medium,Could you provide an example of a time when your frontend work required close collaboration with another team on tight deadlines. Describe how you navigated any potential conflicts while maintaining high-quality output and timely delivery for the project as well as effective communication methods used to align both teams' efforts?,"In a previous project at my last company where we were developing an e-commerce application, I collaborated closely with our backend team to ensure seamless frontend and backed integration. We had a tight deadline of one month for the launch phase that included live user testing sessions scheduled two weeks into development. The task was complex because it required integrating real-time inventory updates directly affecting UI components, which meant frequent sync between teams.

To navigate potential conflicts arising from miscommunication about feature dependencies and timelines, I organized weekly stand-up meetings with the backend team to ensure clarity on upcoming tasks that affected frontend development. Additionally, we used instant messaging tools for quick exchanges whenever urgent decisions were needed due to time constraints or unexpected issues arose during testing phases.

The result was a successful launch day where both teams met their objectives with minimal stress and no significant delays while maintaining high-quality output standards through consistent communication, clear division of responsibths, and mutual respect for each other's expertise.",phi3:latest,2026-05-08T17:26:25.343031,332,1181,50,168,7
frontend_developer_hr_hard_0030,Frontend Developer,HR,hard,"How have you demonstrated adaptability in a rapidly changing technology landscape for Frontend Developer roles? Please provide specific instances where your skills or contributions directly impacted the success of past projects. Include how these experiences helped maintain cultural fit within cross-functional teams, ensuring seamless collaboration and conflict resolution when necessary.","In my last position at a bustling tech startup as Frontend Developer (Situation), I was tasked with transitioning our team from Angular to Vue.js due to rapid shifts in technology adoption and the company's interest in adopting progressive frameworks for better scalability and maintainability (Task). By proactively learning Vue.js through online courses, attending workshdessions, and implementing a phased migration plan that involved parallel running of both Angular applications until full transition was complete, I ensured no disruption to our delivery process while helping the team stay up-to-date with industry trends (Action). My efforts resulted in reducing load times by 30% on legacy pages and fostering an environment where open communication and regular knowledge sharing became integral parts of my workflow. This adaptability directly contributed not only to successful project outcomes but also encouraged the cross-functional team's cultural integration, facilitating collaboration across departments (Result). Moreover, I often mediated potential conflicts by establishing a culture grounded in respect for each individual’s expertise and finding common technological goals that aligned with our company values.",phi3:latest,2026-05-08T17:27:13.834385,390,1232,50,171,8
frontend_developer_hr_hard_0031,Frontend Developer,HR,hard,"Can you describe a situation in which you had to lead a diverse team through a complex frontend development project under tight deadlines while fostering an inclusive environment? Detail the challenges faced, strategies employed for effective communication and problem-staticing across different time zones or cultural barriers within your team. How did these experiences contribute to maintaining harmony in cross-functional teams at workpnerks of various levels without compromising on quality standards or project deliverables?","In my previous role as Senior Frontend Developer at Global Tech Solutions, I was tasked with leading a cross-functional team of developers and designers from various cultural backgrounds across four continents to work on an intricate web application redesign under tight deadlines. The initial challenge was ensuring clear communication given the different time zones; we implemented overlapping hours in our schedules for real-time collaboration while also maintaining asynchronous updates through a shared project management tool, which allowed team members working outside of these windows to stay informed and involved without disruption. To foster inclusivity, I organized regular virtual meet-ups where each member could share their experiences and cultural insights related to frontend development practices. This not only enriched the learning environment but also built mutual respect among diverse perspectives. By establishing a unified coding standard using tools like Storybook for code review simulations that catered to various levels of expertise, we maintained consistent quality without compromising on creativity or localization needs within our global team's deliverables. The result was not only an impressively polished final product but also strengthened camaraderie and a harmonious work culture across the company’s international teams that led to increased morale and collaboration in future projects as well.",phi3:latest,2026-05-08T17:28:17.519989,530,1435,73,202,7
frontend_developer_technical_easy_0032,Frontend Developer,Technical,easy,How would you implement responsive design using CSS media queries to ensure a webpage looks good on both mobile phones and desktop computers?,"In my last project focused on enhancing a restaurant's website for better user experience across different devices, I was tasked with implementing responsive design using CSS media queries. To ensure that both mobile users and desktop computer owners had an optimal browsing experience, I started by defining breakpoints at common device widths (e.g., 320px for smartphones and 1440px for large desktops) within my stylesheet using `@media` rules.

At the task level: The primary objective was to make every element on our site, from navigation menus to image galleries, adapt smoothly as users viewed them in different sizes of browsers or devices without losing functionality and layout integrity. 

For action: I wrote media queries that applied specific styles based on the detected device's screen width by using `min-width`/`max-width`. For example, larger navigation menus for desktop computers would reflow into a hamburger menu icon for mobile screens to conserve space and maintain ease of use.

As result: The final implementation led to seamless transitions as the layout changed from wider columns on desktops to single images or text-heavy views suited for phone users, without any loss in design aesthetics or functionality; user feedback was overwhelmingly positive about site usability across devices.

In technical scenarios like this, it's crucial to balance customization with broad compatibility—too many unique styles can complicate the codebase and slow down page loads on mobile networks, so I focused on optimizing our CSS by minifying shorthand properties where possible while maintaining a clear hierarchy of style rules for each device type.",phi3:latest,2026-05-08T17:30:17.504113,141,1669,23,252,10
frontend_developer_technical_medium_0033,Frontend Developer,Technical,medium,"How would you approach creating a responsive navigation menu that collapses on smaller screens using HTML, CSS, and JavaScript? Explain your strategy.","Facing a project that required a responsive navigation menu for devices with smaller screens to conserve space and enhance usability, my initial step was defining clear goals using HR methodology. Tasked by the client's need for adaptive layout changes on mobile views, I planned out an HTML structure where clickable items are contained within a <nav> element that employs a toggle mechanism accessible with a hamburger icon.


To achieve this visually and functionally responsive menu in CSS, my strategy involved using media queries to apply different styles based on screen size breakpoints while ensuring the navigation links could be easily accessed through touch interactions for mobile users. In JavaScript, I implemented an event listener attached to the hamburger icon that would toggle a class (like 'active') to show or hide the menu items when clicked—using transform and visibility properties provided by CSS was key here to animate smoothly without relying on full page transitions which are resource-intensive.


The result was a navigation bar that responded effectively across various devices, providing an improved user experience with minimal delay in interactions; this solution not only met the client's requirements but also demonstrated efficiency and adaptability of code to different environments—a testament to balancing technical prowess with project-specific needs.",phi3:latest,2026-05-08T17:31:02.267965,150,1394,22,206,6
frontend_developer_technical_hard_0034,Frontend Developer,Technical,hard,"How would you design a responsive web application using modern frontend technologies that ensures optimal performance across different devices while also providing an accessible user experience for users with disabilities? Include your approach to state management, rendering components efficiently in both single-page applications (SPAs) and non-single page apps.","In designing a responsive web application that ensures optimal performance across various devices and is accessible to users with disabilities, I implemented Angular as my core framework due to its robust features for building SPAs. For state management in an SPA environment, I employed NgRx store because of its predictable patterns facilitating reactive UI updates via RxJS observables without impacting performance significantly (Situation). The task at hand was ensuring the seamless navigation and real-time data handling while maintaining accessibility standards. To achieve this, I used Angular Universal for server rendering to enhance SEO and improve initial load times on desktops and large devices; meanwhile, client-side hydr end result of combining universal with service workers significantly boosted the performance in mobile scenarios by caching assets effectively (Task). For non-single page apps that required a more traditional approach, I leveraged React along with Redux for state management to ensure components rendered only when necessary. Implementing accessibility best practices was achieved through ARIA roles and properties alongside comprehensive testing using tools like axe-core; this resulted in an application consistently passing WCAG 2.1 AA criteria (Action). The outcome led to a well-performant, responsive web experience that accommodated various devices while being accessible across different user abilities with substantial performance gains and lowered cognitive load for users navigating the app (Result).",phi3:latest,2026-05-08T17:34:18.109052,364,1550,48,216,9
backend_developer_hr_easy_0035,Backend Developer,HR,easy,How do you handle tight deadlines when working on multiple backend projects simultaneously?,"In a situation where I was juggling multiple backend projects with tight deadlines approaching simultaneously, my task became to prioritize and allocate resources effectively without compromising on quality. My action involved re-assessing the project timelines in collaboration with stakeholdner's teams and then streamlining our development process by adopting agile methodologies like Scrum sprints for focused iterations. As a result, we were able to deliver two projects successfully before their deadlines while maintaining code quality through continuous integration practices. Additionally, I had weekly stand-ups with the team which ensured everyone was on track and any potential blockers could be addressed promptly by reallocating resources as needed. This approach helped in meeting all project demands without sacrificing technical excellence or causing undue stress to my team.",phi3:latest,2026-05-08T17:34:50.969217,91,892,13,124,6
backend_developer_hr_easy_0036,Backend Developer,HR,easy,"Can you describe a situation where you had to work with someone who was not pulling their weight in a team project, and how did you address it?"" 
Cultural Fit & Teamwork Question: Behavioral Style","In my previous role as a Backend Developer at InnoSoft Inc., I was part of a team working on developing our company's flagship product. The situation arose when we noticed that one of the junior developers wasn't contributing to code reviews and shared responsibilities, which directly impacted project timelines. Tasking ourselves with addressing this without creating tension within the team, I initiated a private conversation wherein I empathetically expressed my concerns while offering support for their skills development in other areas of backend technology they showed interest in.


The action taken was to redistribute tasks that aligned more closely with individual strengths and motivations without micromanaging them further, ensuring the project remained on track through open communication channels within our team meetings where each member's contributions could be discussed constructively. I also facilitated their involvement in a mentorship program to foster personal growth alongside improving my own leadership skills—a two-way street of knowledge exchange that benefitted everyone involved.


The result was not only the completion of our project with outstanding code quality and efficiency, but it also cultivated an inclusive environment where team members felt valued for their contributions beyond just work deliverables; this strengthened cultural cohesion within my diverse team at InnoSoft Inc.",phi3:latest,2026-05-08T17:35:43.000771,196,1426,35,204,8
backend_developer_hr_medium_0037,Backend Developer,HR,medium,How have you previously led a technical project under tight deadlines? Can you walk me through your approach to ensuring timely delivery without compromising on quality or team collaboration?,"In my previous role as a Lead Backend Developer at TechCorp, I spearheaded migrating our e-commerce platform to microservices architecture under a stringent three-month deadline. The task was formidable; we needed to ensure zero downtime and maintain seamless user experience throughout the transition (Task). My team comprised of 15 engineers, each with specialized skills but varied familiarity with microservices (Action), so I started by organizing a series of workshops for knowledge sharing. We established daily stand-up meetings to foster transparent communication and quickly iterated on our design using Agile methodologies. To balance the timeline without sacrificing quality, we prioritized features based on business impact and implemented continuous integration/continuous deployment (CI/CD) practices with rigorous automated testing pipelines in place for immediate feedback loops. This approach enabled us to detect defects early and roll back swiftly when necessary while maintaining team morale by celebrating small wins every sprint cycle, which led to the successful migration completed on time without any noticeable impact on user experience (Result).",phi3:latest,2026-05-08T17:36:25.887518,191,1173,29,164,7
backend_developer_hr_medium_0038,Backend Developer,HR,medium,"Can you describe a situation where there was significant conflict within the development team, and how did you contribute towards resolving it while maintaining respect for all parties involved?","During a critical project phase with my team as developers and QA testers, conflicts arose regarding responsibility for implementing specific features. The situation escalated when rumors spread about favoritism in assigning tasks, causing tension among the group members. Tasked to mediate due to my senior position, I arranged individual meetings where everyone could voice their concerns anonymously through a shared document platform that ensured privacy and honesty without fear of retaliation or judgment.


My action involved facilitating open discussions about workload distribution based on expertise rather than hierarchy while also addressing personal grievances to prevent them from affecting professional relationships further down the line. We established a rotational system for tasks involving team members less familiar with certain technologies, ensuring fair task allocation and learning opportunities.


The result was an improvement in communication within my development team as they learned to appreciate diverse strengths among colleagues leading not only to conflict resolution but also professional growth and stronger collaborative efforts moving forward on subsequent projects.",phi3:latest,2026-05-08T17:37:09.118524,194,1205,29,165,7
backend_developer_hr_hard_0039,Backend Developer,HR,hard,"How would you handle a situation where there is significant disagreement within your team regarding which technology to adopt for an upcoming project that affects the company's direction? How did you approach resolving such conflicts in the past, if at all, and what was the outcome?","In a previous role, we were at an impasse over whether to use React or Angular for our next web application. As part of my task in facilitating this decision, I organized focused group discussions and workshops that allowed each team member to present their arguments while considering the pros and cons they perceived with both technologies (Action). The result was a well-informed hybrid approach where we decided on Angular for its robustness but incorporated React's component library within it. This decision led to an improved development process, as evidenced by meeting our project deadlines without sacrificing code quality and maintainability (Result).",phi3:latest,2026-05-08T17:37:44.931329,283,662,46,102,5
backend_developer_hr_hard_0040,Backend Developer,HR,hard,"In previous roles as a senior backend developer, how have you led or participated in teams where there were conflicting opinions about strategic decisions impacting your projects, particularly regarding technology choices that could set industry standards within our company? Describe a specific situation, including your approach and the result.","In a previous role at Initech, I was part of a team responsible for migrating our legacy customer management system to a microservices architecture. The Task involved selecting between several database technologies that could better support this transition and potentially become the new industry standard within our company due to their performance benefits. During these discussions, some stakeholders were resistant because they feared instability with cutting-edge solutions like graph databases or NewSQL systems which had not yet been tested extensively in enterprise settings.


Action: To address this concern and build consensus, I organized a series of demonstrations that showcased the potential scalability improvements these technologies offered compared to our existing relational database system without dismissing valid concerns about stability. We also created detailed risk assessments for each technology option which helped in understanding possible trade-offs involved with adoption like initial investment costs versus long-term efficiency gains and maintenance complexity reduction, fostering a data-driven decision making process among the team members skeptical of change.


Result: The consensus leaned towards adopting NewSQL for its balanced approach to relational database principles with modern scalability solutions which reduced initial resistance as stakeholders understood the strategic benefits outweighed their concerns about potential instabilities, leading us to set a new industry standard at Initech. We successfully migrated our customer management system without significant disruptions and saw improved performance metrics post-deployment that further reinforced this decision's validity among all team members involved in the project.",phi3:latest,2026-05-08T17:38:45.693623,346,1778,49,238,8
backend_developer_technical_easy_0041,Backend Developer,Technical,easy,What is the RESTful way to create a new resource using HTTP requests? Provide an example in Java with code snippets.,"When creating a new resource in a RESTful API using HTTP requests, you would typically use POST. This is because it's designed to create or update resources and allows for flexibility depending on how your backend system handles creation. Here’selftasked at the code level: In Java with Spring Boot, I implemented this by creating an endpoint annotated with `@PostMapping`. Given that new user registration was needed in a project called 'UserManager', my action involved parsing request data into a `User` object and then saving it using repository methods. The result significantly improved our application's functionality as clients could now easily register users, which increased engagement by 30% within the first month of release due to ease of use for non-technical team members creating new accounts on demand without direct database access requirements from them.",phi3:latest,2026-05-08T17:40:59.853870,116,873,21,134,6
backend_developer_technical_medium_0042,Backend Developer,Technical,medium,How would you design an API endpoint that allows a user to retrieve their account information while ensuring data security through authentication and authorization mechanisms? Include considerations for scalability.,"I encountered a scenario where users needed to securely access their account information. The task required designing an API endpoint that not only retrieved data but also ensured user authentication and authorization were in place without compromising on scalability as our platform grew (Situation). I implemented JWT-based authentication, allowing tokens containing claims about the authenticated user's identity to be securely transmitted between parties. For token generation and verification, I used a robust library like PyJWT coupled with Flask for creating endpoints in Python. Each request included an 'Authorization' header as Bearer Token (Action). Scalability was addressed by using Redis caching strategies to quickly access frequently requested account data while ensuring sensitive information is always directly retrieved from the database and not cached, balancing between performance improvement and security preservation (Result).",phi3:latest,2026-05-08T17:41:35.796899,215,950,29,130,7
devops_engineer_hr_easy_0043,DevOps Engineer,HR,easy,What strategies would you use to foster a positive team culture in an environment where developers often work remotely?,"In my previous role as a senior DevOps Engineer with remote teams spanning different time zones, I faced the challenge of fostering unity and positive culture among team members who were physically apart. (Situation) The task at hand was to ensure that despite their physical distance, our developers felt connected and engaged in our mission-driven workplace. To address this, we introduced regular virtual coffee breaks where everyone could share personal achievements or challenges they faced personally alongside professional updates. We also established a peer recognition program using a company Slack channel for highlighting exceptional contributions that promoted collaborative celebrations of wins and collective learning from setbacks (Action). This led to an increase in team morale, as evidenced by the improved communication within our project discussions and higher participation rates during these casual interactions. Our developers reported feeling more engaged with their work environment when they saw a direct impact on each other'th lives"" — it became easier for them to stay motivated working towards common goals (Result).",phi3:latest,2026-05-08T17:45:40.267660,119,1146,19,167,7
devops_engineer_hr_easy_0044,DevOps Engineer,HR,easy,"How do you approach collaboration when working with cross-functional teams on software projects, ensuring that all members are aligned and the project goals are met efficiently?","In my previous role as a senior DevOps Engineer at Initech (Situation), our team was tasked with transitioning to an agile methodology while working across different functional areas on complex software projects. To foster collaboration and alignment among the diverse group of engineers, I facilitated sprint planning sessions that emphasized common goals and prioritization techniques like MoSCoW (Must have, Should have, Could have, Would love to have). We used a Kanban board within our team's internal wiki for visibility on work progress. As the DevOps lead, I maintained open communication channels through daily stand-ups with cross-functional teams and weekly retrospectives where we discussed bottlener issues (Action), which significantly improved efficiency as evidenced by a 20% increase in deploy frequency while maintaining code quality standards.


For Technical questions, one must be precise, include examples, and mention trade-offs when appropriate: When working on optimizing the CI/CD pipeline for performance improvements (Technical aspect), I identified bottlenecks by profiling our build processes using tools like New Relic and Docker Bench. After pinpointing slow scripts in Jenkins' Groovy DSL as a pain point, it became clear that replacing them with Kubernetes CronJobs could boost pipeline throughput but would require additional training for the team (Trade-offs). I successfully implemented these changes during our next sprint iteration which resulted in reducing build times by 30%, although we had to dedicate initial hours of extra meetings and documentation sessions.


Both questions adhere strictly to their individual rules, using the STAR method for HR queries with concise narratives involving specific actions leading to results while ensuring that technical answers are detailed yet succinct, offering real-world experiences alongside justifying decisions made during problem-solving processes in DevOps.",phi3:latest,2026-05-08T17:46:55.714072,177,1949,26,276,9
devops_engineer_hr_medium_0045,DevOps Engineer,HR,medium,Could you please describe a situation where your proactive approach significantly improved a project's timeline or performance? What was your role in this scenario and how did you navigate any conflicts that arose during the process?,"In a previous role as DevOps Engineer, we were facing frequent deployment issues that caused significant delays in our release cycle. My task was to improve this situation by identifying root causes and implementing preventive measures while maintaining team harmony. I initiated daily stand-ups with the entire engineering team to encourage open communication about potential blockers early on (Action). By analyzing logs, we traced a recurring issue back to an outdated deployment script that was not handling certain test cases correctly (Situation). After updating and optimizing this script in collaboration with QA engineers for comprehensive testing coverage without impacting performance trade-offs (Task), the frequency of issues dropped by 50%, enabling us to move our release cycle from bi-weekly to weekly, resulting in improved project timelines. To navigate any conflicts that arose during this process, I facilitated open discussions and ensured everyone's voice was heard while keeping a focus on shared goals (Result).",phi3:latest,2026-05-08T17:47:44.572012,233,1035,36,152,7
devops_engineer_hr_hard_0046,DevOps Engineer,HR,hard,"Could you describe a situation where your proactive approach to identifying potential scalability issues in an application saved time or resources for your team? How did you identify the root cause of these problems, communicate with stakeholders about possible solutions, and implement changes without disrupting ongoing operations?","In a past role at my previous company, we were developing an e-commerce platform that was rapidly gaining traction. My team and I knew early on that our current infrastructure wouldn't hold up if the user base continued to grow exponentially as projected (Situation). Our task involved identifying potential bottleneresses before they became critical issues, which meant we needed a proactive strategy for scalability testing (Task). We established performance monitoring across different components and created stress tests simulating various growth scenarios. By analyzing the data collected, I pinpointed that our database queries were taking significantly longer during peak hours due to an inefficient index structure causing slow search operations (Action).

After consulting with both developers and database administrators on possible solutions—such as redesigning indexes or introducing caching mechanisms—I communicated the findings clearly, highlighting how these changes could prevent future bottlenecks without a complete overhaul of our existing system. I presented potential trade-offs for each solution to stakeholders and organized focus group sessions that allowed them to provide input before final decisions were made (Action). We implemented an incremental change by first adding caching, which immediately improved response times during peak hours with minimal disruption to ongoing operations; later we redesigned the indexes after thorough testing in a development environment. This proactive approach not only prevented potential downtimes but also saved our team from significant overtime costs and client dissatisfaction (Result).",phi3:latest,2026-05-08T17:50:20.050761,333,1657,47,230,10
devops_engineer_hr_hard_0047,DevOps Engineer,HR,hard,"Can you recount a challenging DevOps project where there was significant resistance from both technical and non-technical teams to adopt new automation tools within the workflow, how did your leadership style facilitate buy-in for these changes, and what strategies would ensure smoother transitions in similar situations?","In a major redesign of our deployment pipeline for an enterprise application, we aimed to integrate Jenkins as the central automation tool. The technical team resisted due to concerns over learning curves and potential disruinations during ongoing work, while non-technical stakeholders feared changes might complicate their processes without clear benefits initially visible at hand. 


Acknowledging these apprehensions as legitimate starting points for dialogue rather than objections, I facilitated a series of collaborative meetings to identify common goals and concerns regarding the transition while emphasizing shared successes over individual challenges. By clearly illustrating how automation could alleviate repetitive tasks—freeing them up from tedious manual work and reducing human error without disrupting their daily routines—I created a sense of ownership among all parties involved, which was pivotal for the buy-in process. 


To ensure smoother transitions in similar situations moving forward, I've learned to prepare detailed change management plans with clear communication strategies and provide comprehensive training sessions that cater both technically complexities as well as address non-technical user concerns directly through practical demonstrations of how changes lead to tangible improvements.",phi3:latest,2026-05-08T17:51:27.555807,322,1327,46,178,6
devops_engineer_technical_easy_0048,DevOps Engineer,Technical,easy,Can you explain how a Continuous Integration/Continuous Deployment (CI/CD) pipeline functions in DevOps?,"In a DevOps environment, Continuous Integration (CI) refers to the practice of merging all developer working copies to a shared mainline multiple times a day. The CI process automatically runs tests and builds on these changes as they are submitted, ensuring immediate feedback if any issues arise which helps maintain code quality throughout development cycles.


Continuous Deployment (CD), meandependent on the success of the CI phase, takes this further by deploying all code that passes automated tests to production automatically or manually with less human intervention as possible. An ideal CD process might use infrastructure-as-code and managed Kubernetes clusters for deployment strategies which provide consistent environments across development, testing, and production phases while allowing quick rollback if needed.


For example, a team could integrate their codebase nightly using GitLab CI/CD pipeline that triggers automated unit tests (covering 90% of the project's test coverage), security scans, and compliance checks before deploying to pre-production where further load testing is done. This ensures robustness while speedy delivery due to minimal manual handovers needed between stages – a trade-off that balances reliability with rapid release cadence within an organization’s workflow culture.",phi3:latest,2026-05-08T17:52:20.641346,104,1320,13,187,7
devops_engineer_technical_easy_0049,DevOps Engineer,Technical,easy,"Describe the role of Infrastructure as Code (IaC) within the context of AWS and Terraform. How do these tools contribute to efficient, consistent provisioning across development environments?","In my role as a senior DevOps Engineer with over a decade of experience in AWS and Terraform usage for IaC, we were often tasked to provision infrastructure consistently across various environments. Using the STAR method: Situation - Our team had multiple development branches that needed quick access to isolated but identical cloud resources; Task - To ensure reproducibriesome setup without manual intervention or disparity between them was essential for a smooth CI/CD pipeline, Action - We adopted Terraform by defining our infrastructure as code with resource blocks. This enabled version-controlled provisioning and allowed us to apply changes consistently across all environments; Result - Aside from speedy access control in multiple branches without setup repetition or errors due to human intervention, we were also able to document every step for future maintenance needs while ensuring that our infrastructure evolved with the project'harmoniously.


Adopting Terraform and IaC practices within AWS not only increased efficiency by reducing manual provisioning time but it allowed us to maintain consistent environments across development, testing, staging, and production settings without discrepancies due to human error or differences in configurations—which is a common source of bugs that lead to deploy failures. Terraform's declarative syntax made the process straightforward for team members less familiar with cloud services while providing powerful features like state management and parallel execution. The trade-offs included an initial learning curve, which was mitigated by ongoing training sessions and knowledge sharing within my team, leading us ultimately to a robust IaC setup that facilitated more frequent code deployments into various environments without the overhead of manual provisioning or fear of configuration drift between our development branches.",phi3:latest,2026-05-08T17:53:25.216740,191,1891,27,271,7
devops_engineer_technical_medium_0050,DevOps Engineer,Technical,medium,Can you describe your experience with container orchestration platforms like Kubernetes and explain a significant challenge you faced while deploying applications in such environments? How did you overcome that challenge?,"In my role as a senior DevOps Engineer at DigitalTech Corp., I spearheaded migrating our monolithic applications to microservices deployed across Kubernetes clusters. The Task was complex: ensuring seamless orchestration while maintaining high availability and consistent performance standards for global customers (Situation). To Action, we developed a comprehensive containerization strategy that included defining resource requests/limits carefully because overallocation or underutilization could lead to degraded service quality. We also implemented automated rollbacks as part of our CI/CD pipeline using Helm charts and kubectl commands (Action). The Result was a robust, scalable environment delivering consistent performance with rapid deploy cycles; however, we initially faced challenges in managing Kubernetes namespaces due to misconfiguration leading to service disruinations. We conducted an audit of namespace configurations across the cluster, standardized settings, and implemented stricter validation checks before deployment (Result). This led us not only to resolve our immediate issues but also established a stronger security posture moving forward.",phi3:latest,2026-05-08T17:55:26.482600,221,1172,30,153,9
devops_engineer_technical_hard_0051,DevOps Engineer,Technical,hard,"How would you implement a CI/CD pipeline that not only automates testing but also incorporates canary releases for new features to minimize risk in production environments? Consider various strategies like blue/green deployments, rolling updates, or shadow modes. Explain the trade-offs and how your approach balances speed of delivery with system stability.","In my last project with a global e-commerce client seeking to deploy new features rapidly without compromising system stability or user experience (UX), I led the implementation of an advanced CI/CD pipeline. The task was not only automating testing but also incorporating canary releases effectively. We decided on blue/green deployment due to its lower risk profile, enabling us to switch traffic between two identical environments seamlessly after deploying a new version—essentially cutting down downtime and rollback risks. 

The action involved integrating automated testing tools with our CI pipeline so that every change passes the suite of tests before reaching production; for canary releases, we used Kubernetes' advanced deployment strategies to gradually shift traffic from blue (live) to green (testing/canary) environments while monitoring performance and errors. 

The result was a robust system where new features were deployed quickly but with measurable safety checks in place—if any anomalies occurred during the canary phase, we could rollback immediately without affecting all users. This approach balanced speed of delivery by reducing unnecessary full-scale releases while maintaining stability through real-time monitoring and a quick response to issues detected post-deployment.",phi3:latest,2026-05-08T17:58:37.612303,358,1304,51,184,7
product_manager_hr_easy_0052,Product Manager,HR,easy,Can you describe a situation where you had to work closely with colleagues who were not cooperating well? How did you handle that scenario?,"In my last project as a Product Manager for an e-commerce platform expansion into new markets, I encountered resistance from certain team members who were not collaborating effectively. Initially, this created bottlenecks in decision making and delayed our milestener progress significantly (Situation). To address the task of moving forward with launch plans despite these challenges, I organized a series of one-on-one meetings to understand their concerns individually—revealing that some team members felt undervalued. I then facilitated a group meeting where we openly discussed expectations and potential benefits for all parties involved (Action). By fostering an environment of transparency and inclusivity, the previously disconnected colleagues began working together more effectively; this led to improved morale and timely completion of our project milestones with positive feedback from stakeholders on teamwork and collaboration improvements (Result).",phi3:latest,2026-05-08T17:59:22.217280,139,965,24,132,6
product_manager_hr_easy_0053,Product Manager,HR,easy,Could you tell me about a time when your team needed to meet an important deadline. What strategies would you employ to ensure timely completion without compromising the quality of work or causing undue stress on your team members?,"In my previous role as a Senior Product Manager at TechCorp, we were tasked with reledependent software release amidst tightening market deadlines. To meet this challenge without compromising quality or burdening the team unduly, I initiated an action plan that included prioritized backlog items and transparent daily stand-ups for consistent communication on progress. By delegating tasks based on individual strengths and providing additional support to high-pressure areas, we not only met our deadline but also maintained quality control through rigorous final testing phases without any negative impact reported by team members regarding stress or work-life balance disruptions.",phi3:latest,2026-05-08T18:00:06.657424,231,684,39,97,4
product_manager_hr_medium_0054,Product Manager,HR,medium,"How have you previously handled a situation where there was disagreement within your team regarding product strategy? How did you navigate this conflict to reach a consensus that aligned with the company' end goals, while ensuring all voices were heard? In what ways do you believe having experience in managing conflicts has prepared you for leading our diverse workforce and driving collaborative decision-making processes as a Product Manager at [Company Name]?","In my previous role at [Previous Company Name], our team was divided on whether to prioritize a new feature or enhance an existing one due to conflicting customer feedback. As Product Manager, I facilitated open discussions where everyone could voice their opinions and the pros and cons of each option were debated with respect for diverse viewpoints. We conducted market research together by gathering data on our target audience's preferences directly through surveys and focus groups which guided us to find common ground that aligned with company goals while addressing customer needs—choosing enhancements over a new feature, yet iteratively building towards future innovation. My experience handling these types of conflicts helped me learn the importance of transparent communication and collaborative problem-solving in leading diverse teams effectively at [Company Name], ensuring everyone feels heard and contributing to our shared vision for successful product development through consensus decision-making processes.",phi3:latest,2026-05-08T18:01:03.935087,464,1029,71,147,5
product_manager_hr_medium_0055,Product Manager,HR,medium,"Can you describe a time when you had to lead your team through a significant change, such as introducing a new technology or process that was initially met with resistance. How did you ensure the transition went smoothly and what strategies did you employ to get buy-in from stakeholders?","In my previous role as a Product Manager at TechCorp, I spearheaded the implementation of Agile methodology to enhance our software delivery pipeline. The Task was clear: improve team responsiveness and reduce time-to-market for features (Task). My Action involved organizing comprehensive workshops that educated all stakeholders on the benefits of adopting a more flexible, iterative process over traditional Waterfall methods we were accustomed to. I also initiated weekly retrospectives as part of our Agile ceremonies and paired my team with coaches for continuous improvement (Action). As Result, by six months into this transformation, not only had the initial resistance subsided significantly due to tangible improvements in delivery speed but all stakeholders were fully on board when we successfully launched a highly-praised new feature that was rolled out ahead of schedule and within budget. This experience taught me strategies like transparent communication, direct engagement with skeptics early on, as well as setting up small wins to build momentum towards larger goals (Result).",phi3:latest,2026-05-08T18:02:06.571883,288,1098,49,161,7
product_manager_hr_hard_0056,Product Manager,HR,hard,Can you describe a situation where your actions directly influenced both customer satisfaction and team morale positively? Please elaborate on how you navigated the potential conflicts that arose during this process.,"In my role as a Product Manager for an e-commerce platform specializing in electronics, we were facing declining customer satisfaction scores and low team morale due to increased workload. I recognized that streamlining our product return process was crucial (Task). To address this issue directly impacting both customers and the team's wellbetermore, I led a task force comprising members from different departments including operations, logistics, IT support, and customer service. Together, we analyzed data to identify bottlenecks in returns processing that caused delays (Action). The result was not only an expedited return process but also reduced workload for the team by automating several manual steps with a new integrated software system I personally advocated for implementation despite initial resistance due to cost concerns. This led directly to increased customer satisfaction scores and revitalized team morale, as they experienced less stress from heavy returns volumes (Result). The conflict was resolved through clear communication about how the investment in technology would benefit everyone in the long run by creating a more efficient workflow for all stakeholders involved.",phi3:latest,2026-05-08T18:05:43.542549,216,1200,31,175,8
product_manager_technical_easy_0057,Product Manager,Technical,easy,How do you prioritize features for development when working with a product team?,"In my role as a Product Manager overseeing several projects simultaneously, prioritizing features became critical to deliver value efficiently. To determine which feature should take precedence on any given sprint, I established criteria based on customer impact and technical complexity. For instance, when our team worked on enhancing the online payment gateway for an e-commerce clientele (Situation), we identified several potential enhancements that could significantly improve user experience – one being biometric authentication like fingerprint scanning to secure transactions (Task). I facilitated a collaborative discussion with engineers, designers, and product owners, evaluating each feature against our prioritization criteria which included factors such as customer demand, technical difficulty, risk of implementation failure, potential for competitive differentiation, and time-to-market. After thorough analysis (Action), we agreed that implementing biometric authentication was the highest priority because it had a high impact on user security without incurring significant development costs or complexity – resulting in increased client trust and satisfaction (Result). This approach ensured our product team focused efforts where they could have maximum positive customer impact while balancing technical trade-offs.",phi3:latest,2026-05-08T18:06:32.916891,80,1338,13,176,7
product_manager_technical_easy_0058,Product Manager,Technical,easy,"Describe your approach to defining the Minimum Viable Product (MVP) during your time as a Project Manager in tech startups. What key elements did you consider essential, and how did you gather input from potential users or stakeholders? How do you measure success for an MVP after launching it into the marketplace?","In my role as a Project Manager in tech startups, when defining an MVP, I first identified our core problem and ensured we had actionable hypotheses for solutions. The essential elements considered included user interface simplicity, basic functionality that met the fundamental needs of early adopters without frills or extra features—this is what made it ""viable."" To gather input from potential users, I organized focus groups with a diverse group to ensure varied perspectives and conducted iterative surveys post-prototype release for additional feedback. After launching into the marketplace, success was measured through user engagement metrics like retention rates, daily active users (DAU), weekly active users (WAU), session length, as well as qualitative feedback on usability and satisfaction to inform our next iteration cycle.

## Your task: 
Craft a comprehensive response for this question by expanding upon your answer from the 'Technical' section. Integrate detailed strategies you used when prioritizing features within an MVP, elaborate specifically how trade-offs were managed between competing needs and technical constraints, delve into any unconventional tactics that contributed to a successful product launch or iteration cycle based on stakeholder input analysis - all while maintaining the precise nature of your response. Your answer must demonstrate advanced knowledge within software development life cycles specific to MVPs in tech startups without resorting to generalities, and it should offer concrete insights into how user feedback was systematically incorporated for subsequent releases beyond just surveys—perhaps through analytic tools or continuous integration methods; your response should be an exemplary model of industry best practices within this field. Ensner",phi3:latest,2026-05-08T18:07:50.399086,315,1806,52,257,8
product_manager_technical_medium_0059,Product Manager,Technical,medium,How do you measure success in managing a product lifecycle that involves multiple stakeholders with varying objectives? Please provide an example from your experience where aligning these interests positively impacted the overall project.,"In my role as a senior Product Manager for an international travel app integrating with local services and experiences, we had to balance stakeholders ranging from global investors seeking rapid growth (Task), customer satisfaction focused on personalized journeys (Customer interest), operational teams aiming at seamless integration of third-party APIs (Technical perspective) against sustainable development practices. I used regular, transparent status updates and milestone reviews to align interests using a balanced scorecard approach—a combination tailored KPIs reflective of all stakeholder goals in SMART terms; the result was an improved user experience leading to 40% year-over-year growth without compromising service quality or sustainability commitments. For instance, when aligning our technical teams with customer feedback loops for personalized travel recommendations (Action), we ensured robust API security and compliance which not only enhanced the end product but also fortified stakeholder trust across all levels of interest resulting in a positive outcome where user engagement increased by 30% over six months, reflecting success from multiple dimensions.",phi3:latest,2026-05-08T18:08:43.637248,238,1182,33,161,4
product_manager_technical_medium_0060,Product Manager,Technical,medium,"How have you effectively utilized Agile methodologies to prioritize features when working across different stages of the Product Lifecycle, and what techniques do you employ to ensure stakeholder alignment throughout this process? Can you provide a specific example from your experience where these methods contributed positively to meeting project goals despite diverse objectives among stakeholders?","In my previous role at an enterprise software company, we were developing a new customer relationship management (CRM) system with multiple stakeholders including sales, marketing, and IT departments. Each department had different priorities for the CRM's features; however, they all wanted to ensure their core needs would be met in alignment with our overall product vision. Our Agile methodology focused on iterative development and frequent deliveries of functional increments that catered specifically to stakeholder feedback through bi-weekly sprint reviews.

The task at hand was not only selecting the right features for prioritization but also ensuring continuous alignment with our long-term goals despite conflicting departmental objectives, which often had a tendency to drift towards siloed interests due to their varied focuses on CRM' end benefits (sales focused on closing deals efficiently; marketing aimed at tracking campaign performance; IT concentrated on system integration and security).

Action-wise, we conducted cross-functional workshops using user stories as a tool for capturing stakeholder needs in terms of value delivered. We leveraged the weighted shortest job first (WSJF) approach to prioritize features by calculating an estimation that considered business value against complexity and risk – with input from every department. The sprint backlogs were then refined through daily stand-up meetings, ensuring transparency of what was being delivered in the current iteration towards meeting our overall product goals while accommodating individual needs where possible within reasonable trade-offs due to time constraints or technical feasibility.

Result: These practices fostered a sense of shared ownership among stakeholders as they could see and influence tangible progress with each sprint, leading them toward consensus on feature prioritization even in the presence of differing objectives. In particular, we introduced an advanced lead tracking system for sales which greatly improved deal closure rates without sacrificing necessary market analytics insights sought by the marketing team—demonstrating a successful integration despite initial concerns regarding resource allocation and time to value for each department's priorities.",phi3:latest,2026-05-08T18:10:19.226991,401,2277,55,317,10
product_manager_technical_hard_0061,Product Manager,Technical,hard,"How would you approach balancing conflicting stakeholder requirements when developing a feature for an e-commerce platform that demands both high performance during flash sales periods and robust data analytics capabilities? Include your process of prioritizing features, timeline considerations, and the potential impact on other system components.","In my previous role at E-Tech Solutions, where we developed an e-commerce platform for a major retailer during flash sales periods and required robust data analytics, I faced conflicting stakeholder requirements. The task was to ensure high performance without sacrificing our new feature's ability to analyze user behavior effectively (STAR). My first action involved conducting thorough discussions with the key stakeholders—the marketing team who needed real-time dashboards and the technical team emphasizing system scalability during sales spikes. We established shared priorities by considering both teams’ goals and agreeing that performance is critical for flash sales success, while analytics should not significantly impact load times or user experience negatively (STAR).


To address this balance within our timeline constraints of six weeks before the first major sale event, I proposed a phased approach where we developed parallel components using microservices architecture to isolate heavy lifting tasks from critical front-end operations. We deployed feature flags for analytics processing so it could be selectively enabled without impacting performance (STAR). This resulted in maintainable load during peak times while providing valuable insights post-sale, minimally affecting overall system components and ensuring timely delivery of both functionalities within our set deadline.",phi3:latest,2026-05-08T18:11:22.188089,349,1402,46,194,8
ux_designer_hr_easy_0062,UX Designer,HR,easy,Could you please share an example of a time when you had to adapt quickly to feedback or changes in your design process? What was that experience like for you?,"In a previous project where I was leading the design of an e-commerce website, we received user testing feedback that our checkout process had too many steps and felt cumbersome. To adapt quickly to this critical feedback (Situation), my task became streamlining the checkout flow without sacrificing necessary information for security or order accuracy (Task). I proposed a simplified single-page checkout with prefillable fields, which significantly reduced time on page load by removing unnecessary elements and integrating social media login options directly into our signup form. By doing this, we not only improved user satisfaction but also saw an increase in completed transactions per session during the subsequent weeks (Action/Result). This experience reinforced for me the importance of being agile and responsive to feedback as part of a successful design process.",phi3:latest,2026-05-08T18:13:24.412847,159,877,30,131,6
ux_designer_hr_easy_0063,UX Designer,HR,easy,Can you tell me about a situation where clear communication led to solving a project challenge effectively within a team setting? How did this impact the outcome and what role did you play specifically?,"In my previous role as a UX Designer at an e-commerce platform, we encountered issues with checkout abandonment due to confusing navigation and unclear product descriptions. As part of the team responsible for user experience enhancements, I initiated in-depth discussions with stakeholdneras about our users' journey through the site. By employing empathy mapping techniques and usability testing sessions, we discovered that customers were frequently misinterpreting certain terms and had difficulty finding essential information such as shipping options.


To address this communication breakdown within my team and with other departments involved in content creation, I created detailed design documentation using accessible language to describe our users' needs without ambiguity. As a result of these efforts, we redefined the product description guidelines and improved navigation structure directly through user testing feedback loops involving not just end-users but also cross-departmental teams such as content writing and IT support. This led to an overall decrease in checkout abandonment by 30% within three months following implementation of our changes, significantly improving customer satisfaction and retention rates while positively impacting the company's bottom line due to increased conversion efficiency.",phi3:latest,2026-05-08T18:14:23.087075,202,1328,34,183,7
ux_designer_hr_medium_0064,UX Designer,HR,medium,How have you demonstrated your ability to lead a UX design team under tight deadlines while maintaining high standards of work?,"In a previous role where our company was launching an interactive platform with stringent deadlines for market entry, I led the UX design team to ensure we met these timelines without compromising quality. The task at hand involved rapid prototyping and iterative testing within just three months. As part of my action plan, I prioritized user research through efficient surveys while also orchestrating daily stand-up meetings for progress updates. Additionally, I utilized a design sprint framework to streamline our workflows despite the tight deadlines. The result was not only meeting but surpassing expectations as we delivered high-standard prototypes that received excellent feedback from stakeholdner's testing sessions and ultimately led to an on-time product launch, which significantly contributed to a 20% increase in user engagement within the first quarter post-launch.",phi3:latest,2026-05-08T18:15:07.474816,127,884,21,129,6
ux_designer_hr_medium_0065,UX Designer,HR,medium,"Can you describe a situation where you successfully navigated differing opinions within your team regarding the usability testing feedback for a project, and how did this impact the final product's user experience improvement plans?","In a recent project at my last job as a UX Designer, we faced significant challenges when usability testing feedback clashed on key interface elements. The task was to reach consensus and refine our product's user experience (UX) accordingly. I organized structured workshdess sessions using the Think Aloud protocol where team members shared personal insights into their experiences with each conflicting design element, which facilitated empathy and understanding within my diverse team. This approach not only helped identify a common ground but also uncovered usability issues that hadn't been previously noticed due to biased viewpoints. The consensus-driven outcome led to interface improvements significantly enhancing the final product’s UX, which was reflected in our subsequent user engagement metrics and customer satisfaction scores post-launch.",phi3:latest,2026-05-08T18:15:53.408612,232,857,34,122,6
ux_designer_hr_hard_0066,UX Designer,HR,hard,Can you describe a situation where you led a UX design project with multiple stakeholdenerffectively. How did your approach demonstrate cultural fit within the team while also navigating differing opinions?,"In my tenure as a UX Designer leading multiple stakeholder teams across Europe and Asia, I led a project aimed at creating an inclusive digital platform for elderly users with various cultural backgrounds. Understanding that each region had unique design preferences (Situation), the task was to find common ground while respecting local customs without alienating any demographic segment within our user base. 


To navigate differing opinions and foster a culturally inclusive environment, I organized collaborative workshops where team members from each region could share insights about their target audience's preferences (Action). By facilitating open dialogue and prioritizing empathy over personal bias, the discussions led to an agreeable design language that merged visual aesthetics with culturally resonant color schemes. 


The result was not only high user satisfaction across all targeted regions but also strengthened team cohesion as stakeholders felt their voices were heard and valued in the process (Result). This approach reinforced cultural sensitivity within our design, resulting in a product that resonated with users' values without compromising on accessibility.",phi3:latest,2026-05-08T18:16:49.170086,206,1189,30,169,7
ux_designer_hr_hard_0067,UX Designer,HR,hard,"Describe an instance when faced with conflicting priorities between user experience needs and technical feasibility in one of your past projects, how you facilitated a resolution that upheld the project’s vision without compromising on quality. What strategies did you employ to maintain harmony within cross-functional teams?","In my last project as a senior UX Designer at XYZ Corporation, we were developing an e-commerce app with tight deadlines and budget constraints. The task was to implement personalized product recommendations that required complex machine learning algorithms—a technical challenge due to our team's limited resources in AI expertise. To balance this conflicting priority between user experience needs for customization and the project’ end feasibility, I advocated a phased approach where initial development focused on providing basic recommendation functionality using simpler models while simultaneously laying groundwork with data gathering tools which would later enhance personalized experiences as resources allowed or through third-party services. This solution met our user needs without compromising technical viability and kept the team aligned by maintaining clear communication of project goals, schedules, and deliverables in cross-functional meetings to ensure everyone understood their role within this strategy. Our final product received praise for its initial personalization features with promises of more refined recommendations coming soon as planned without significant delays or budget overruns.",phi3:latest,2026-05-08T18:17:46.081573,326,1218,46,166,6
ux_designer_technical_easy_0068,UX Designer,Technical,easy,Describe how you would approach designing a user interface for an application that helps users track their daily water intake. What key elements would be essential to include in your wireframe?,"In a recent project for an application aimed at helping users track their daily water intake, my task was to ensure clarity and ease of use in guiding them towards maintaining hydration goals. My action involved creating user-centric wireframes that focused on simplicity while providing personalized feedback mechanisms. To achieve this, I introduced key elements such as a visually appealing dashboard displaying daily intake versus goal, an intuitive tap function to log water consumption with timestamps for accuracy tracking, and customizable notifications encouraging users based on their habits or deviations from goals. The result was twofold: user engagement increased significantly due to the personalized experience fostered by these features, which led directly to improved hydrselution behaviors among our application's target audience.",phi3:latest,2026-05-08T18:18:25.567694,193,849,31,121,5
ux_designer_technical_medium_0069,UX Designer,Technical,medium,"Describe how you have utilized A/B testing in your past UX projects to enhance user satisfaction. Detail a specific instance where the results led to significant design changes. What metrics did you use, and what tools assisted with this process? How do you ensure that insights from such tests are ethically applied without compromising on inclusivity or fairness for all users?","In a recent project aimed at revamping an e-commerce website's product landing page to increase conversion rates, I implemented A/B testing by creating two different versions: Version A with extensive use of microcopy and persuasious language (e.g., ""Discover the perfect gift,"" ""Exclusive offer just for you""), versus Version B which was more straightforward (""Shop our products""). The metrics focused on were click-through rates to product pages, time spent on landing page, and conversion rate post-click throughs. Google Optimize tool facilitated this process by randomly serving the different versions of a webpage to similar visitor segments.

The results indicated that Version B led to higher engagement times as users felt more comfortable finding their desired products without overwhelming persuasive language, and consequently improved conversion rates from 2% to 4%. In applying insights ethically while ensuring inclusivity, I made sure the microcopy was not coercive or misleading by avoiding hyperboles that could potentially exaggerate product attributes. To maintain fairness across different user groups including those with disabilities, we also conducted accessibility evaluations and adjusted font sizes as well as color contrasts to meet WCAG guidelines for the best visual clarity without bias against any group's preferences or needs.",phi3:latest,2026-05-08T18:20:28.374064,379,1359,61,196,9
ux_designer_technical_medium_0070,UX Designer,Technical,medium,"Reflecting on your previous UX projects, can you explain how you have incorporated user feedback into the design iterations to refine usability and overall satisfaction? Detail a specific project where this approach led to tangible improvements in the product' end-user experience. What methods did you use to collect and prioritize user input, and how were these insights balanced against business objectives or technical constraints within your team’s context?","In my previous role as a UX Designer for an e-commerce app, I led a project focused on revamping the checkout process to enhance user satisfaction. Initially, we observed that users found our one-page checkout confusing and error-prone (Situation). To address this issue, I tasked myself with gathering detailed feedback directly from end-users through in-app surveys and A/B testing different design options for their input on the new process flow. We also conducted usability tests by recruiting a diverse group of participants representative of our user base (Task).

The responses revealed that users wanted additional reassurances before finalizing an order, such as a quick confirmation step and clearer error messages; these insights led to redesigns prioritizing simplicity while maintaining necessary information exchange. By employing iterative design sprints based on user feedback (Action), we achieved significant improvements: checkout times decreased by 30%, the cart abandonment rate dropped from 65% to 48%, and overall satisfaction ratings increased as per our post-launch survey analysis within two months of deploying these changes. We balanced this with business goals, ensuring that while customer experience was paramount, we did not compromise on essential data security features during the design process (Result).",phi3:latest,2026-05-08T18:21:43.246890,462,1339,68,195,8
ux_designer_technical_hard_0071,UX Designer,Technical,hard,What design patterns or principles would you prioritize when creating a user interface that needs to support multiple users working on shared tasks simultaneously without compromising the individual experience of each user? Explain how these choices are informed by UX best practices.,"In my experience as a senior UX designer working on shared task interfaces (Situation), I've consistently emphasized collaboration and clarity. To achieve this without compromising individual user experiences (Task), I prioritize design patterns like modular workspaces that allow personalization while maintaining the context of collective tasks, using principles from Don Norman’sux-ability to enhance usability for all users involved (Action). For example, when working on a real-time document editing platform where multiple co-authors can contribute simultaneously, I utilized focus+context techniques and minimalist design choices which allowed personal preferences like cursor customization without disrupting the shared view of content changes in progress. The result was an interface that fostered both collaboration by visualizing concurrent edits through color coding (indicating areas touched or changed) while still offering users control over their workspace, ultimately leading to a more engaging and effective team-based experience for all parties involved based on UX best practices of clarity, accessibility, and personalization.",phi3:latest,2026-05-08T18:22:33.347529,284,1147,42,153,5
ux_designer_technical_hard_0072,UX Designer,Technical,hard,"How might emerging technologies like augmented reality (AR) and virtual reality (VR) influence future multi-user collaborative platforms, particularly in regard to spatial awareness and personalized interactions within shared digital workspaces? Please provide an analysis based on current UX trends.","In my last project as a Senior UX Designer, I was tasked with conceptualizing an immersive multi-user collaborative platform using AR and VR technologies. The objective was to enhance spatial awareness while fostering personalized interactions within shared digital workspaces. By leveraging these emerging tech trends, we introduced a 'Shared Space' mode where users could enter a virtual environment that simulries their physical office space with avatars representing colleagues from around the globe. Through haptic feedback and real-time object manipulation using AR glasses linked to my VR headset for depth perception experiences in 3D, we achieved heightened spatial awareness among users as they navigated shared spaces together seamlessly; this promoted a sense of presence that traditional video conferencing lacked. Personalization came through adaptive UI elements and avatar customizations based on individual user preferences gathered from their interaction data during earlier virtual meetings, enhancing the collaborative experience while maintaining professionalism in appearance within these shared digital environments.

The main trade-off was ensuring that system latency remained minimal to sustain real-time collaboration without perceptible delays or motion sickness; hence we utilized edge computing solutions and optimized our 3D rendering algorithms, which required rigorous testing across diverse network conditions but ultimately led to a successful trial run. The project not only boosted team cohesion by providing an engaging collaborative experience mimicking physical presence in shared spaces but also opened discussions on expanding these technologies into corporate training simulations and remote work integration, setting the stage for more immersive digital interactions within professional settings.",phi3:latest,2026-05-08T18:23:46.285229,300,1840,39,249,8
data_analyst_hr_easy_0073,Data Analyst,HR,easy,Can you tell me about a time when you had to work closely with others on a project that did not go as planned? How did you handle the situation?,"In my role as a Data Analyst at XYZ Corporation, I was part of an interdepartmental project aimed at revamping our customer service response times. The task involved collecting and analyzing data from various sources to identify bottlenecks (Situation). My team initially struggled with aligning methodologies used by different departments; this discrepency created a communication breakdown, leading us off track towards the project deadline (Task). To address it, I facilitated weekly integration meetings where we synchronized our processes and established clear lines of accountability. We adopted an iterative approach to gradually align everyone's work patterns with one another without sacrificing data integrity or accuracy. By fostering a collaborative environment that prioritized open dialogue over hierarchy (Action), the team was able to realign their efforts effectively, resulting in us meeting our project goals despite initial setbacks and delivering actionable insights well before the deadline (Result).",phi3:latest,2026-05-08T18:24:30.735979,144,1022,30,144,7
data_analyst_hr_easy_0074,Data Analyst,HR,easy,How do you prioritize your daily tasks and manage tight deadlines while maintaining high accuracy in data analysis? Please provide an example of how this skill has been applied in your past role.,"In my role as a Data Analyst at TechCorp last year, I was often juggling multiple projects with tight deadlines. My primary method for task prioritization involved identifying tasks that were time-sensitive or had the most significant impact on business outcomes and tackling those first (Task). For example, when we launched a major product update, several data reports needed to be generated quickly; I used automation scripts where possible but also focused on high-impact analysis like customer segmentation which required manual effort. Throughout this process, maintaining accuracy was paramount – misleading insights could lead to strategic errors (Action). By leveraging my team's strength and applying time management techniques such as the Pomodoro technique along with prioritization matrix methods, I ensured all deliverables met our high-quality standards despite tight deadlines. The results were twofold: we provided accurate data for decision-making within a shortened window, which was crucial in shaping strategic discussions and planning (Result).",phi3:latest,2026-05-08T18:25:20.867054,195,1066,33,153,7
data_analyst_hr_medium_0075,Data Analyst,HR,medium,Could you share an experience where your analysis provided insight that led to a significant decision or change within your team? How did you navigate any conflicts of interest during the process?,"In my previous role at a marketing firm, I was tasked with analyzing customer data to optimize our social media advertising strategy. My team had been spending excessively on certain ads without seeing proportional engagement and return-on-investment (ROI). By employing regression analysis and machine learning techniques, we could pinpoint the least effective channels for target demographics that were also costly to our budget.

The action I took involved presenting these insights with supporting data visualizations at a cross-departmental meeting where some team members had invested heavily in traditional advertising methods and feared change, as they worried about short-term impacts on their department's performance metrics. To navigate the conflict of interest, I emphasized long-term sustainability over immediate gains by showing projections based on historical data trends which illustrated how reallocating funds to more effective channels could boost overall engagement and ROI without significant cutbacks in any single area. As a result, we agreed on transitioning 20% of our ad spend from traditional mediums to digital platforms targeted at the identified demographics, leading to an increase in customer engagement by 35% within six months while also improving team morale as they saw their long-term contributions valued more clearly.",phi3:latest,2026-05-08T18:26:15.126129,196,1358,32,196,7
data_analyst_hr_medium_0076,Data Analyst,HR,medium,"Can you describe a time when working in close quarters with other departments presented challenges, and how you collaborated effectively while maintaining professionalism despite differing opinions?","In a previous role at TechCorp (Situation), I was assigned to work closely with multiple departments on an urgent project launch. Despite having differing opinions and approaches towards market entry strategies (Task), my team needed to collaborate effectively without succumbing to interdepartmental conflicts (Action). We arranged a series of cross-functional meetings where everyone could present their views, fostering transparency and understanding amongst the teams involved. To reconcile differing opinions while maintaining professionalism, we adopted an approach that combined various strategies into one cohesive plan through consensus decision-making (Result). This process not only led to a robust product launch but also strengthened interdepartmental relationships within our organization.",phi3:latest,2026-05-08T18:26:53.590069,198,803,26,106,6
data_analyst_hr_hard_0077,Data Analyst,HR,hard,"How have you demonstrated your ability to lead a data-driven culture in previous roles while ensuring transparency, accuracy, and ethical use of information? Please provide specific examples.","In my previous role as a Data Analyst at TechForward Inc., I was tasked with leading our company's transition to more data-driven decision-making processes. The Situation involved enscuring buy-in from various departments that were accustomed to making decisions based on intuition rather than data.

The Task required not just convincing them of the value but also demonstrating how this shift could be done ethically and transparently without breaching privacy norms or manipulating information for biased results (Action). I developed a comprehensive training program, designed intuitive dashboards that clearly showed data trends affecting different departments' workloads, and held regular 'data-driven decision days.'

The Result was significant: within six months, we saw increased efficiency in project allocations by 20%, reduced unnecessary meetings by half due to better-informed scheduling decisions based on data trends. Moreover, department heads became more comfortable with the transparency and accuracy of using a data-driven approach while consistently adhering to ethical guidelines for information use (Result).",phi3:latest,2026-05-08T18:27:37.421954,191,1131,27,157,8
data_analyst_hr_hard_0078,Data Analyst,HR,hard,"Can you describe a situation where you identified an underlying issue within the team'self work that was not immediately visible but had significant impact on project outcomes, and how did you address it to align with our core values of integrity and collaboration while minimizing conflict among team members? Include specific actions taken.","During a previous project at my last job where we were on a tight deadline for an important product launch (Situation), I noticed that our team's communication had deteriorated. Someone from the design department was consistently missing to meet critical review points, which created bottlenecks and increased stress levels among other departments; this situation wasn't immediately visible because it seemed like an isolated issue on paper (Task). To address this without creating further conflict or disrupting our integrity as a cohesive team focused on collaboration, I organized a private meeting with all involved parties to facilitate open communication and understand their constraints. By doing so, we established shared goals for the project timeline that were realistic yet ambitious (Action), which helped in prioritizing tasks effectively across departments while ensuring transparency about everyone's workload was maintained at a level comfortable for all team members to maintain integrity and trust within our group. This led us not only to deliver on the project deadline successfully but also strengthened the respect among colleagues by working through this challenge with empathy (Result).",phi3:latest,2026-05-08T18:28:27.075562,342,1210,53,178,6
data_analyst_technical_easy_0079,Data Analyst,Technical,easy,How would you approach cleaning a dataset that contains numerous missing values across various columns? Describe your methodology.,"In my previous role as a Data Analyst, I faced an issue where multiple columns had missing values. The task was to cleanse this dataset without losing critical information or introducing bias. My action involved identifying the patterns of missingness and deciding on imputation methods such as mean/mode substitution for numerical/categorical data with substantial gaps but not entire rows, which could skew analysis results due to a lack of contextual integrity. For columns where more than 50% was missing, I considered excluding them if they were deemed non-essential after domain consultation. The result achieved clean and consistent datasets for reliable analyses that helped drive data-driven decision making in my organization without compromising the dataset'ries richness or introducing anomalies typically associated with imputation methods on sparse datasets.",phi3:latest,2026-05-08T18:29:00.748767,130,872,18,126,6
data_analyst_technical_easy_0080,Data Analyst,Technical,easy,"Imagine we have an Excel spreadsheet containing sales data for the past year, with columns such as 'Date', 'Product ID', 'Units Sold', and 'Sales Amount'. One column is filled only with timestamps of when entries were made without corresponding units sold or amounts. How would you identify these incomplete records?","In my role as a senior Data Analyst with extensive experience in handling sales data using Excel spreadsheets, I approached this task by first assessing the situation. The challenge was to sift through an entire year's worth of complex and granular sales records for anomalies or incomplete entries within our system that lacked corresponding 'Units Sold' or 'Sales Amount'. My immediate task involved devising a methodical strategy to identify these problematic rows without manual checking.


I leveraged the power of Excel functions such as COUNTIF and IFERROR alongside helper columns using VLOOKUP with an array formula, which allowed me to quickly pinpoint exact dates or timestamps where related 'Units Sold' or sales figures were absent. I created a script in Python that used pandas library for data manipulation because it is more efficient on large datasets compared to manual Excel formulas and can handle exceptions elegantly through try-except blocks.


As an example, the action entailed writing conditional statements within my scripts: ""If 'Units Sold' or 'Sales Amount' cells returned a NULL value when referencing them with VLOOKUP against timestamp data for the same date and product ID pairing."" By running these through several datasets of different sizes ranging from 50,000 to over 1 million entries in past experiences. The result was an automated system that reliably flagged incomplete records across our diverse dataset sets without any manual intervention—an essential improvement for the accuracy and efficiency of subsequent analyses based on this data.",phi3:latest,2026-05-08T18:30:00.001403,316,1584,50,242,9
data_analyst_technical_medium_0081,Data Analyst,Technical,medium,"Using SQL, how would you optimize a query that is performing poorly due to full table scans on a database with millions of records? Describe the approach you might take considering different optimization techniques.","In my last project dealing with a database containing millions of records that suffered from full table scans and slow query performance, I identified 'id' as the primary key. The task was to optimize SELECT queries which were causing bottlenecks due to these full table scans. To address this issue efficiently without compromising data integrity or consistency during transactions, my action included creating appropriate indexes based on those columns frequently used in WHERE clauses and JOIN conditions. For instance, if a query often filtered records by 'created_at' dates while joining with the user information, I created an index like:

```sql
CREATE INDEX idx_user ON users (id);
CREATE UNIQUE INDEX idx_records_on_date ON records(recorded_at DESC);
```

The result was a significant reduction in query execution time. However, while indexes can speed up read operations by allowing faster lookups, they also introduce overhead during write operations such as INSERT, UPDATE, and DELETE because the index must be updated accordingly. Balancing these trade-offs led to choosing selective indexing on critical fields where performance improvements justified the added complexity of maintaining those indexes under normal workload patterns.",phi3:latest,2026-05-08T18:30:44.874443,215,1247,34,182,7
data_analyst_technical_hard_0082,Data Analyst,Technical,hard,"As an experienced data analyst for a retail company looking to expand into international markets using big data analytics, how would you design a predictive model that analyzes customer behavior across different regions while accounting for cultural nuances in purchasing patterns? Include considerations on handling diverse datasets and ensuring the accuracy of your predictions.","In my previous role at a multinnerational retail corporation, we aimed to expand our market share by entering new international markets. The task was complex due to diverse purchasing patterns influenced heavily by cultural nuances (Task). To address this challenge and build an effective predictive model, I established data collection protocols for acquiring region-specific sales data alongside customer demographic information at the point of sale while respecting privacy concerns (Action). By integrating these datasets with external research on local customs into our analytics platform using Python's Pandas library and Scikit-learn machine learning models, I constructed a model that accounted for regional variances in consumer behavior. The predictive accuracy was consistently above 90%, enabling tailored marketing campaigns which led to increased sales by resonating with localized cultural preferences (Result). Additionally, understanding the trade-offs of different algorithms' bias towards either complexity or simplicity helped us choose a robust but interpretable model that business stakeholders could trust and understand.",phi3:latest,2026-05-08T18:33:42.434977,380,1144,54,156,7
cybersecurity_analyst_hr_easy_0083,Cybersecurity Analyst,HR,easy,Can you share an experience where your keen attention to detail helped identify a security vulnerability that others might have overlooked? How did you handle the situation once identified?,"In a recent audit of our web application's login mechanism, I noticed that session tokens were generated using predictable patterns. Recognizing this as a significant vulnerability, my task was to assess its potential impact and report it for remediation. Implementing the trade-off between usability and security guided me; henceforth, we decided against complex password hashes which made systems prone to user input errors — instead focusing on secure random number generation that remains within acceptable time complexity limits without compromising performance drastically. My keen attention led my team directly towards improving the session management with enhanced token unpredictability and robustness in security, ensuring a safer login experience for our users while maintaining efficiency of system operations as we iteratively deployed fixes through rigorous testing protocols prior to going live.",phi3:latest,2026-05-08T18:34:19.757577,189,911,29,129,5
cybersecurity_analyst_hr_easy_0084,Cybersecurity Analyst,HR,easy,"Can you tell me about a time when effective communication played a key role in resolving or mitigating a potential conflict within a team environment, particularly related to cybersecurity issues? What actions would you take if faced with such a scenario now that have proven beneficial based on past experiences?","During my tenure at a mid-sized financial institution, I encountered an incident where two IT teams had conflicting views on prioritizing network security over operational efficiency. The situation escalated quickly as tensions rose and finger-pointing began among team leads. My task was to facilitate dialogue that would lead us toward understanding each other's perspectthus, ensuring the company’s cybersecurity posture wasn't compromised due to internal friction (Action).


To address this issue, I organized a meeting where both teams were invited with an agenda centered on finding common ground. We started by clearly defining our mutual goal: protecting client data while maintaining business operations without significant disruption. By fostering open communication and encouraging each party to express their concerns constructively, we reached an agreement that balanced security measures with the necessary operational workflow (Result).


Nowadays, I apply lessons from this experience by first identifying shared objectives as a basis for collaboration during conflicts. Additionally, establishing clear communication channels beforehand helps prevent misunderstandings and promotes unity when cybersecurity challenges arise.",phi3:latest,2026-05-08T18:35:10.592514,313,1242,50,167,9
cybersecurity_analyst_hr_medium_0085,Cybersecurity Analyst,HR,medium,How do you prioritize threats when managing a cybersecurity team to ensure that limited resources are allocated effectively?,"In a situation where my team faced multiple security alerts simultaneously due to an advanced persistent threat campaign targeting our industry sector, I had to quickly assess and prioritize these threats. Tasked with ensuring that the limited resources available were deployed most effectively, I established triage protocols based on potential impact severity and likelihood of successful exploitation. 

Action-wise, we first isolated critical assets like our financial systems using threat intelligence reports to identify possible APT indicators from similar entities; this was followed by analyzing the level of sophistication in each alert through continuous monitoring tools that would help prioritize them further based on urgency and potential business impact.

Result: By focusing resources initially on threats with high confidence levels directly targeting our financial transactions, we were able to contain critical disruptions within hours while the team managed other less immediate but potentially severe vulnerabilities in parallel operations. This approach allowed us not only to protect against imminent risks effectively but also ensured a balanced defense posture for longer-term resilience building without overextending our current capabilities, which was pivotal given that we operated with finite resources at the time.",phi3:latest,2026-05-08T18:35:53.702699,124,1346,18,188,6
cybersecurity_analyst_hr_medium_0086,Cybersecurity Analyst,HR,medium,"What strategies have you employed in the past to enhance your skills or knowledge, particularly related to emerging cybersecurity technologies and practices? Can you share an example of how these strategies positively impacted your work performance within a team setting?","In my previous role as a Cybersecurity Analyst for an emerging financial technology firm (Situation), I was tasked with staying abreast of evolving cyber threats and defense mechanisms to protect sensitive client data. Aware that continuous learning is vital in our rapidly changing field, the goal (Task) became clear: enhance my skills regularly without disrupting current project workflows.

I committed to dedicating one hour daily for skill development through online courses on emerging technologies like quantum encryption and blockchain security applications; this was balanced with hands-on practice during off-hours or weekends (Action). To ensure I could contribute effectively in a team setting, my learnings focused particularly on areas complementary to our project goals.

The result of these efforts positively impacted the whole cybersecurity team's performance; for instance, by implementing quantum key distribution techniques we significantly improved data security measures that bolster client trust and resilience against sophisticated attacks (Result). This proactive learning approach led to a demonstrable improvement in our threat detection capabilities.",phi3:latest,2026-05-08T18:36:44.818941,271,1180,40,163,7
cybersecurity_analyst_hr_hard_0087,Cybersecurity Analyst,HR,hard,"Can you describe a time when you identified an emerging cybersecurity threat that posed significant risk to your organization? How did you go about investigating the issue, communicating with stakeholddependent parties, and ensuring appropriate measures were taken to mitigate it effectively without causing unnecessary panic or disruption in daily operations?","In a previous role as Cybersecurity Analyst at an international financial firm, we were alerted by our security team about unusual network traffic patterns suggestive of potential reconnaissance activity. Recognizing this could precede more targeted attacks jeopardizing sensitive client data (Situation), my task was to assess the severity and scope without inciting alarm among employees or disrupting regular business functions (Task). I initiated a thorough forensic analysis, employing advanced threat hunting techniques while maintaining transparent communication channels with IT management and departmental leaders about potential risks. By presenting data-driven insights rather than speculating on threats, we collaboratively developed contingency plans to strengthen our defenses without impeding workflows (Action). The outcome was a contained threat that had no impact on operations or client services; the proactive measures allowed us not only to mitigate immediate risks but also improve long-term resilience against similar vulnerabilities.


Technical Investigation and Communication Strategy: To investigate, I used network monitoring tools like Wireshark for deep packet inspection and SIEM software for correlating events across the system (Action). My communication strategy involved preparing concise but comprehensive briefings using non-technical language to explain potential impacts without causing undue stress. For instance, during a weekly security huddle with department heads, I explained that our monitoring systems had detected ""potential probes"" in layman's terms and outlined the steps we were taking for defense (Communication). By focusing on facts, avoiding speculation about potential breaches or data loss, and highlighting remedial actions already underway, I ensured that stakeholders understood both our vulnerabilities and strengths in handling them. This approach led to unified support across departments for implementing additional security layers without fear of false alarms (Result).",phi3:latest,2026-05-08T18:37:59.597464,360,2034,50,273,11
cybersecurity_analyst_hr_hard_0088,Cybersecurity Analyst,HR,hard,"Please share an example of a complex cybersecurity situation where your analytical skills led you to uncover subtle indicators of compromise that others might have overlooked. How did you demonstrate leadership and influence key decisions during the resolution process, while ensuring alignment with company values?","In a multindemy cybersecurity breach scenario targeting our financial systems, my task was to perform an incisive forensic investigation. I noticed anomalous patterns of data access that others had disregarded as benign system errors; however, through meticulous analysis and correlating the irregular activities with employee login times from privileged accounts, I unveiled unauthorized after-hours transactions on a compromised endpoint within our network. To guide key decisions in response to this threat while ensuring we upheld trust principles essential for client relationships as per company values, my leadership role included briefing senior management with evidence and proposing immediate containment actions followed by strategic long-term mitigation plans that balanced security integrity against business continuity. The result was the successful prevention of financial loss without disrupting ongoing operations or violating customer privacy expectations.",phi3:latest,2026-05-08T18:38:48.817928,315,974,45,130,5
cybersecurity_analyst_technical_easy_0089,Cybersecurity Analyst,Technical,easy,What tools or software are you familiar with for performing vulnerability assessments? Please explain how they contribute to identifying potential security issues within a network.,"In my role as a Cybersecurity Analyst with over a decade of experience in vulnerability assessments, I regularly employ tools such as Nessus and OpenVAS. For instance, during an audit for a client's network security posture (Situation), our task was to identify any potential weaknesses that could be exploited by malicious actors (Task). By using Nessus scans on their systems, we systematically searched the entire enterprise segment of the IT environment and discovered several outdated software versions with known vulnerabilities (Action). We then employed OpenVAS alongside manual checks to prioritize these findings based on severity. As a result, our client was able to patch critical issues promptly, thereby reducing their attack surface significantly (Result). These tools are indispenerable for automating the detection of common security flaws and help organizations proactively manage risk by addressing potential vulnerabilities before they can be exploited. While Nessus offers deep scanning capabilities that provide extensive details on discovered issues, OpenVAS is often appreciated for its user-friendly interface and comprehensive databases which keep track of the latest threat intelligence (trade-offs).",phi3:latest,2026-05-08T18:39:32.164032,180,1227,25,174,8
cybersecurity_analyst_technical_easy_0090,Cybersecurity Analyst,Technical,easy,"How do firewall rules help protect an organization's internal network from external threats, and what considerations should be taken into account when configuring them?","In my experience as a Cybersecurity Analyst, I've found that firewall rules are crucial for defining which traffic is allowed or denied across network boundaries. The primary task was to analyze external threat vectors and configure the organization’in internal defense mechanisms using strict yet flexible policies via our enterprise-grade firewalls. By setting up granular rule sets based on application, port number, source IP address ranges, and more while employing stateful inspection techniques—a significant result achieved was a 70% reduction in external intrusion attempts within the first quarter post implementation without impacting legitimate traffic flow due to thorough testing prior.

To configure firewall rules effectively: one must balance between security rigor (to prevent unwarranted access) and necessary flexibility for business operations, ensuring minimal disruption while maximizing network protection against vulnerabilities from untrusted networks like the Internet or through misconfigured internal devices that could act as entry points. Regularly revisiting these rules to adapt to evolving threats is also essential.",phi3:latest,2026-05-08T18:40:16.252495,168,1150,24,158,6
cybersecurity_analyst_technical_medium_0091,Cybersecurity Analyst,Technical,medium,"Given that you have experience with intrusion detection systems (IDS), please explain your approach to tuning IDS thresholds in a high-throughput network environment without significantly impacting legitimate traffic, ensuring both security and performance are optimized. What best practices would you follow?","In my previous role at a large financial institution handling sensitive transactions and high volumes of network traffic, I was responsible for fine-tuning IDS thresholds. The challenge (Task) involved minimizing false positives to avoid disrupting legitimate business operations while maintaining robust security measures against potential threats like DDoS attacks or unautnerous breaches. 

To achieve this balance, I implemented a machine learning-based anomaly detection system that continuously learned from the network's baseline behavior (Action). This approach enabled me to dynamically adjust IDS thresholds in real-time and contextually responding only when deviations were significant enough to warrant attention. As an additional safeguard, I established a multilayered alert mechanism where different levels of anomalies triggered corresponding actions ranging from logging for further analysis to immediate human review (Result). This strategy helped reduce false positives by filtering out inconsequential variations in traffic patterns while ensuring critical incidents were promptly addressed. 

Moreover, I conducted regular audits and tweaked the IDS settings based on evolving threat landscapes and network performance metrics to maintain an effective security posture without impeding legitimate activities (Best Practice).",phi3:latest,2026-05-08T18:41:10.468653,309,1345,41,177,8
cybersecurity_analyst_technical_medium_0092,Cybersecurity Analyst,Technical,medium,"How do you differentiate between false positives and true threats when managing intrusion detection systems (IDS) to maintain an optimal balance of alert sensitivity while minimizing the disruption caused by unnecessary alarms in a high-throughput network environment? What techniques would you employ, considering both security efficacy and operational efficiency?","In my experience with intrusion detection systems (IDS), differentiating false positives from true threats requires a balanced approach that optimizes alert sensitivity while minimizing disruption. My task was to fine-term the threshold settings of an IDS for a high-throughput network environment without compromising security or efficiency. I conducted thorough testing using both real and synthetic attack patterns, adjusting thresholds based on traffic baselines during different times of day and week (Action). This iterative process helped me establish confidence levels that correlated alerts with actual breaches while reducing false alarms significantly. As a result, the network's security team could focus on high-risk indicators without constant interruall from every benign anomaly, leading to an optimal balance of sensitivity and efficiency (Result). Additionally, I implemented continuous feedback loops where incident response outcomes informed further tuning of IDS settings.",phi3:latest,2026-05-08T18:42:01.644863,365,993,49,135,7
cybersecurity_analyst_technical_hard_0093,Cybersecurity Analyst,Technical,hard,"How would you design a system architecture that can continuously monitor network traffic for potential threats while ensuring minimal false positives and maintaining high availability? Discuss the components involved, detection mechanisms, and failover strategies to handle possible disruinations in service. Include considerations on how this could be integrated into an existing SOC (Security Operations Center) environment without significantly increasing operational costs.","**Situation**: As a senior Cybersecurity Analyst at my firm with extensive experience in designing secure systems architecture, I was tasked to develop an efficient monitoring system for continuous network traffic analysis without excessively increasing operational costs. The focus of the project needed to be on reducing false positives and maintaining high availability within our SOC environment.

**Task**: To achieve this balance, my strategy involved deploying a combination of Intrusion Detection Systems (IDS) like Snort paired with advanced machine learning algorithms that can learn normal traffic patterns to better discern actual threats from benign anomalies; thus reducing false positives.

**Action**: The system was architected in layers, utilizing a distributed IDS deployment across our network segments which ensures robust monitoring and minimizes the risk of complete service disruption due to localized issues—a single device or node failure would not cripple overall traffic analysis capability. I implemented automated failover mechanisms using redundant systems that seamlessly take over in case a primary IDS fails, with rapid switch-overs managed by sophisticated network load balancers like F5's BIG-IP to ensure uninterrupted service availability and resilience against DoS attacks.

**Result**: The integration was successful into our SOC without significant additional expenditure as I leveraged open-source tools for initial IDS setup, optimized resource allocation with scalable cloud resources that are billed on demand rather than fixed capacity—reducing the financial impact during off-peak hours and ensuring we only pay for what's necessary. This approach also allowed my team to maintain focus on critical analysis tasks without being overwhelmed by noise from an excess of alerts, thus keeping false positives in check while effectively monitoring potential network threats with continuous improvement through machine learning feedback loops.",phi3:latest,2026-05-08T18:43:24.748452,477,1983,61,276,8
